QualifiedName	Name	Complexity	Coupling	Size	Lack of Cohesion	CBO	RFC	SRFC	DIT	NOC	WMC	LOC	CMLOC	NOF	NOSF	NOM	NOSM	NORM	LCOM	LCAM	LTCC	ATFD	SI	Coverage	
jfreechart-master
<Package>org.jfree.chart	org.jfree.chart	medium-high	low	medium-high	low						576	2441													
org.jfree.chart.ChartColor	ChartColor	low-medium	low	low-medium	low	0	2	0	2	0	2	64	39	0	24	1	1	0	0.0	0.25	1.0	0	0.0		
org.jfree.chart.ChartElement	ChartElement	low	low	low	low	1	1	0	1	7	1	2	1	0	0	1	0	0	0.0	0.0	0.0	0	0.0		
org.jfree.chart.ChartElementVisitor	ChartElementVisitor	low	low	low	low	1	1	0	1	0	1	2	1	0	0	1	0	0	0.0	0.0	0.0	0	0.0		
org.jfree.chart.ChartFactory	ChartFactory	very-high	very-high	medium-high	medium-high	81	232	84	1	0	137	782	780	0	1	0	50	0	0.0	0.799	0.569	3	0.0		
org.jfree.chart.ChartHints	ChartHints	low	low	low	low	0	1	0	1	0	1	17	1	0	2	1	0	0	0.0	0.0	0.0	0	0.0		
org.jfree.chart.ChartRenderingInfo	ChartRenderingInfo	low-medium	low	low-medium	medium-high	5	67	12	1	0	21	63	58	3	1	13	0	0	0.614	0.756	0.345	0	0.0		
org.jfree.chart.ChartTheme	ChartTheme	low	low	low	low	1	1	0	1	1	1	2	1	0	0	1	0	0	0.0	0.0	0.0	0	0.0		
org.jfree.chart.ChartTransferable	ChartTransferable	low-medium	low	low-medium	low	1	100	8	1	0	14	79	69	8	0	7	0	0	0.625	0.457	0.733	0	0.0		
org.jfree.chart.ChartUtils	ChartUtils	high	medium-high	low-medium	low-medium	13	151	32	1	0	35	174	173	0	0	0	29	0	0.0	0.674	0.0	0	0.0		
org.jfree.chart.Drawable	Drawable	low	low	low	low	0	1	0	1	2	1	2	1	0	0	1	0	0	0.0	0.0	0.0	0	0.0		
org.jfree.chart.JFreeChart	JFreeChart	very-high	very-high	very-high	very-high	31	237	119	1	0	158	570	537	17	7	73	0	0	0.921	0.944	0.881	2	0.0		
org.jfree.chart.StandardChartTheme	StandardChartTheme	very-high	very-high	very-high	very-high	51	298	156	1	1	200	684	649	32	0	90	3	0	0.91	0.954	0.894	13	0.0		
<Package>org.jfree.chart.annotations	org.jfree.chart.annotations	low-medium	medium-high	medium-high	low						457	1929													
org.jfree.chart.annotations.AbstractAnnotation	AbstractAnnotation	low	low	low	medium-high	2	20	11	1	3	15	41	37	2	0	11	0	0	0.556	0.766	0.533	0	0.0		
org.jfree.chart.annotations.AbstractXYAnnotation	AbstractXYAnnotation	low-medium	low-medium	low	medium-high	6	14	5	2	9	17	50	46	2	0	9	0	0	0.333	0.756	0.476	1	0.0		
org.jfree.chart.annotations.Annotation	Annotation	low	low	low	low	1	2	0	1	3	2	3	2	0	0	2	0	0	0.0	0.0	0.0	0	0.0		
org.jfree.chart.annotations.CategoryAnnotation	CategoryAnnotation	low	low	low	low	3	1	0	1	2	1	3	1	0	0	1	0	0	0.0	0.0	0.0	0	0.0		
org.jfree.chart.annotations.CategoryLineAnnotation	CategoryLineAnnotation	medium-high	medium-high	low-medium	high	12	115	31	2	0	29	143	133	6	1	19	0	0	0.723	0.85	0.559	1	0.0		
org.jfree.chart.annotations.CategoryPointerAnnotation	CategoryPointerAnnotation	high	medium-high	low-medium	high	13	165	40	4	0	35	174	158	8	6	23	0	1	0.854	0.87	0.629	2	0.174		
org.jfree.chart.annotations.CategoryTextAnnotation	CategoryTextAnnotation	medium-high	medium-high	low-medium	high	11	133	30	3	1	19	87	80	3	1	11	0	0	0.611	0.81	0.4	1	0.0		
org.jfree.chart.annotations.TextAnnotation	TextAnnotation	low-medium	low	low-medium	high	5	72	19	2	1	25	96	82	6	6	17	0	0	0.87	0.824	0.659	0	0.0		
org.jfree.chart.annotations.XYAnnotation	XYAnnotation	low	low	low	low	3	1	0	1	1	1	4	1	0	0	1	0	0	0.0	0.0	0.0	0	0.0		
org.jfree.chart.annotations.XYAnnotationBoundsInfo	XYAnnotationBoundsInfo	low	low	low	low	1	3	0	1	1	3	4	3	0	0	3	0	0	0.0	0.0	0.0	0	0.0		
org.jfree.chart.annotations.XYBoxAnnotation	XYBoxAnnotation	low-medium	low-medium	low-medium	high	9	93	25	3	0	31	124	114	7	1	16	0	0	0.688	0.846	0.659	1	0.0		
org.jfree.chart.annotations.XYDataImageAnnotation	XYDataImageAnnotation	low-medium	low-medium	low-medium	high	9	40	19	3	0	29	112	104	6	0	16	0	0	0.667	0.856	0.626	1	0.0		
org.jfree.chart.annotations.XYDrawableAnnotation	XYDrawableAnnotation	low-medium	low-medium	low-medium	medium-high	8	37	20	3	0	22	106	97	6	1	11	0	0	0.643	0.8	0.545	1	0.0		
org.jfree.chart.annotations.XYImageAnnotation	XYImageAnnotation	low-medium	low-medium	low-medium	high	9	49	24	3	0	23	92	85	4	1	12	0	0	0.657	0.833	0.578	1	0.0		
org.jfree.chart.annotations.XYLineAnnotation	XYLineAnnotation	medium-high	medium-high	low-medium	high	11	108	27	3	0	28	128	119	6	1	14	0	0	0.675	0.852	0.576	1	0.0		
org.jfree.chart.annotations.XYPointerAnnotation	XYPointerAnnotation	high	medium-high	low-medium	high	12	182	48	4	0	38	187	171	8	6	23	0	1	0.854	0.87	0.629	2	0.174		
org.jfree.chart.annotations.XYPolygonAnnotation	XYPolygonAnnotation	low-medium	low-medium	low-medium	high	10	96	30	3	0	30	116	109	4	1	13	0	0	0.533	0.828	0.6	1	0.0		
org.jfree.chart.annotations.XYShapeAnnotation	XYShapeAnnotation	medium-high	low-medium	low-medium	medium-high	10	126	33	3	0	22	105	98	4	1	9	0	0	0.24	0.786	0.714	1	0.0		
org.jfree.chart.annotations.XYTextAnnotation	XYTextAnnotation	high	medium-high	medium-high	high	13	170	42	3	1	50	205	184	12	6	31	0	0	0.891	0.898	0.768	1	0.0		
org.jfree.chart.annotations.XYTitleAnnotation	XYTitleAnnotation	low-medium	medium-high	low-medium	high	20	71	35	3	0	37	149	139	7	1	15	0	0	0.698	0.824	0.581	4	0.0		
<Package>org.jfree.chart.api	org.jfree.chart.api	low	low	medium-high	low						105	418													
org.jfree.chart.api.HorizontalAlignment	HorizontalAlignment	low-medium	low	low	low	0	0	0	2	0	0	4	0	0	3	0	0	0	0.0	0.0	0.0	0	0.0		
org.jfree.chart.api.Layer	Layer	low-medium	low	low	low	0	0	0	2	0	0	3	0	0	2	0	0	0	0.0	0.0	0.0	0	0.0		
org.jfree.chart.api.LengthAdjustmentType	LengthAdjustmentType	low-medium	low	low	low	0	0	0	2	0	0	4	0	0	3	0	0	0	0.0	0.0	0.0	0	0.0		
org.jfree.chart.api.PublicCloneable	PublicCloneable	low	low	low	low	0	1	0	1	139	1	2	1	0	0	1	0	0	0.0	0.0	0.0	0	0.0		
org.jfree.chart.api.RectangleAlignment	RectangleAlignment	low-medium	low	low-medium	low	1	11	10	2	0	13	74	61	0	12	1	0	0	0.0	0.0	0.0	0	0.0		
org.jfree.chart.api.RectangleAnchor	RectangleAnchor	low-medium	low	low-medium	low	2	12	10	2	0	20	85	75	0	9	1	1	0	0.0	0.4	0.0	1	0.0		
org.jfree.chart.api.RectangleEdge	RectangleEdge	low-medium	low	low	low	0	8	4	2	0	12	33	28	0	4	0	4	0	0.333	0.25	0.167	0	0.0		
org.jfree.chart.api.RectangleInsets	RectangleInsets	medium-high	low	low-medium	medium-high	3	37	18	1	0	57	188	179	5	2	29	0	0	0.67	0.734	0.741	0	0.0		
org.jfree.chart.api.Rotation	Rotation	low-medium	low	low	low	0	2	0	2	0	2	8	4	1	2	2	0	0	1.333	0.25	0.0	0	0.0		
org.jfree.chart.api.SortOrder	SortOrder	low-medium	low	low	low	0	0	0	2	0	0	3	0	0	2	0	0	0	0.0	0.0	0.0	0	0.0		
org.jfree.chart.api.TableOrder	TableOrder	low-medium	low	low	low	0	0	0	2	0	0	3	0	0	2	0	0	0	0.0	0.0	0.0	0	0.0		
org.jfree.chart.api.UnitType	UnitType	low-medium	low	low	low	0	0	0	2	0	0	3	0	0	2	0	0	0	0.0	0.0	0.0	0	0.0		
org.jfree.chart.api.VerticalAlignment	VerticalAlignment	low-medium	low	low	low	0	0	0	2	0	0	4	0	0	3	0	0	0	0.0	0.0	0.0	0	0.0		
org.jfree.chart.api.XYCoordinateType	XYCoordinateType	low-medium	low	low	low	0	0	0	2	0	0	4	0	0	3	0	0	0	0.0	0.0	0.0	0	0.0		
<Package>org.jfree.chart.axis	org.jfree.chart.axis	high	high	very-high	low						1828	7056													
org.jfree.chart.axis.Axis	Axis	very-high	medium-high	very-high	very-high	20	253	83	1	2	160	601	554	26	16	78	0	0	0.963	0.919	0.957	3	0.0		
org.jfree.chart.axis.AxisCollection	AxisCollection	low	low	low	low	3	8	2	1	0	10	36	31	4	0	6	0	0	0.6	0.556	0.4	0	0.0		
org.jfree.chart.axis.AxisLabelLocation	AxisLabelLocation	low-medium	low	low	low	0	0	0	2	0	0	4	0	0	3	0	0	0	0.0	0.0	0.0	0	0.0		
org.jfree.chart.axis.AxisLocation	AxisLocation	low-medium	low	low	low	1	3	2	2	0	6	20	15	0	4	1	1	0	0.0	0.25	1.0	0	0.0		
org.jfree.chart.axis.AxisSpace	AxisSpace	low-medium	low	low-medium	medium-high	2	31	12	1	0	43	137	131	4	1	19	0	0	0.494	0.711	0.246	0	0.0		
org.jfree.chart.axis.AxisState	AxisState	low	low	low	low	2	14	5	1	0	17	46	42	3	0	13	0	0	0.7	0.558	0.679	0	0.0		
org.jfree.chart.axis.CategoryAnchor	CategoryAnchor	low-medium	low	low	low	0	0	0	2	0	0	4	0	0	3	0	0	0	0.0	0.0	0.0	0	0.0		
org.jfree.chart.axis.CategoryAxis	CategoryAxis	very-high	high	very-high	high	26	317	122	2	2	143	561	546	11	3	53	0	0	0.901	0.892	0.894	6	0.0		
org.jfree.chart.axis.CategoryLabelPosition	CategoryLabelPosition	low	low	low-medium	medium-high	5	15	3	1	0	20	72	64	6	1	12	0	0	0.75	0.74	0.727	0	0.0		
org.jfree.chart.axis.CategoryLabelPositions	CategoryLabelPositions	low-medium	low-medium	low-medium	low-medium	7	16	4	1	0	21	188	127	4	6	5	6	0	0.75	0.636	0.818	0	0.0		
org.jfree.chart.axis.CategoryLabelWidthType	CategoryLabelWidthType	low-medium	low	low	low	0	0	0	2	0	0	3	0	0	2	0	0	0	0.0	0.0	0.0	0	0.0		
org.jfree.chart.axis.CategoryTick	CategoryTick	low-medium	low	low	medium-high	3	11	4	2	0	12	38	34	3	0	6	0	0	0.4	0.714	0.2	0	0.0		
org.jfree.chart.axis.CompassFormat	CompassFormat	low-medium	low	low	low-medium	1	10	4	3	0	9	33	31	1	0	7	0	0	0.0	0.633	0.952	0	0.0		
org.jfree.chart.axis.CyclicNumberAxis	CyclicNumberAxis	very-high	medium-high	medium-high	high	18	302	72	4	0	137	504	485	8	3	34	0	4	0.886	0.843	0.754	6	0.471		
org.jfree.chart.axis.DateAxis	DateAxis	very-high	high	high	high	23	308	122	3	0	159	841	797	6	5	49	2	3	0.864	0.879	0.922	6	0.184		
org.jfree.chart.axis.DateTick	DateTick	low-medium	low	low	low	3	12	5	3	0	8	28	26	1	0	5	0	0	0.0	0.571	0.4	0	0.0		
org.jfree.chart.axis.DateTickMarkPosition	DateTickMarkPosition	low-medium	low	low	low	0	0	0	2	0	0	4	0	0	3	0	0	0	0.0	0.0	0.0	0	0.0		
org.jfree.chart.axis.DateTickUnit	DateTickUnit	low-medium	low	low-medium	medium-high	2	32	17	2	0	32	98	91	5	1	16	1	1	0.75	0.743	0.683	1	0.125		
org.jfree.chart.axis.DateTickUnitType	DateTickUnitType	low-medium	low	low	low	0	2	0	2	0	2	13	4	1	7	2	0	0	1.75	0.25	0.0	0	0.0		
org.jfree.chart.axis.ExtendedCategoryAxis	ExtendedCategoryAxis	medium-high	low-medium	low-medium	high	9	107	17	3	0	22	67	62	3	1	11	0	0	0.675	0.81	0.429	0	0.0		
org.jfree.chart.axis.LogAxis	LogAxis	very-high	medium-high	medium-high	high	17	270	98	3	0	99	441	433	7	0	40	0	5	0.801	0.83	0.915	4	0.375		
org.jfree.chart.axis.LogTick	LogTick	low-medium	low	low	low	2	2	0	3	0	2	8	6	1	0	2	0	0	0.0	0.4	0.0	0	0.0		
org.jfree.chart.axis.LogarithmicAxis	LogarithmicAxis	very-high	low-medium	medium-high	medium-high	10	70	47	4	0	150	415	403	7	3	28	0	6	0.86	0.746	0.93	3	0.857		
org.jfree.chart.axis.MarkerAxisBand	MarkerAxisBand	low-medium	low	low-medium	low-medium	5	53	36	1	0	18	104	95	7	1	7	0	0	0.583	0.683	0.0	4	0.0		
org.jfree.chart.axis.ModuloAxis	ModuloAxis	medium-high	low	low-medium	low-medium	5	83	27	4	0	40	159	155	3	0	17	0	5	0.333	0.647	0.4	2	1.176		
org.jfree.chart.axis.MonthDateFormat	MonthDateFormat	low-medium	low	low-medium	medium-high	1	25	15	3	0	19	63	59	3	0	10	0	0	0.0	0.742	0.933	0	0.0		
org.jfree.chart.axis.NumberAxis	NumberAxis	very-high	medium-high	medium-high	high	20	262	90	3	4	113	445	432	6	5	34	4	0	0.909	0.863	0.906	4	0.0		
org.jfree.chart.axis.NumberTick	NumberTick	low-medium	low	low	low	2	4	1	3	1	3	13	11	1	0	3	0	0	0.0	0.389	0.0	0	0.0		
org.jfree.chart.axis.NumberTickUnit	NumberTickUnit	low-medium	low	low	low	1	16	9	2	0	12	39	36	1	1	7	0	1	0.6	0.571	0.286	0	0.286		
org.jfree.chart.axis.NumberTickUnitSource	NumberTickUnitSource	low-medium	low	low-medium	medium-high	2	20	15	1	0	42	113	102	10	0	12	0	0	0.757	0.736	0.857	1	0.0		
org.jfree.chart.axis.PeriodAxis	PeriodAxis	very-high	medium-high	high	very-high	17	289	112	3	0	118	505	488	14	1	46	0	7	0.863	0.903	0.851	4	0.457		
org.jfree.chart.axis.PeriodAxisLabelInfo	PeriodAxisLabelInfo	low-medium	low	low-medium	high	4	56	17	1	0	27	110	93	8	6	16	0	0	0.878	0.862	0.725	0	0.0		
org.jfree.chart.axis.QuarterDateFormat	QuarterDateFormat	low-medium	low	low-medium	low-medium	1	16	9	3	0	12	55	44	2	4	7	0	0	0.944	0.698	0.857	0	0.0		
org.jfree.chart.axis.StandardTickUnitSource	StandardTickUnitSource	low	low	low	low	2	10	5	1	0	7	28	26	0	1	6	0	0	0.0	0.583	0.933	1	0.0		
org.jfree.chart.axis.SubCategoryAxis	SubCategoryAxis	very-high	medium-high	low-medium	high	13	282	49	3	0	41	172	166	3	1	14	0	1	0.7	0.83	0.8	2	0.214		
org.jfree.chart.axis.SymbolAxis	SymbolAxis	very-high	medium-high	medium-high	medium-high	16	287	64	4	0	72	318	308	4	3	21	0	5	0.824	0.799	0.621	6	0.952		
org.jfree.chart.axis.Tick	Tick	low	low	low	low-medium	2	11	3	1	2	14	45	39	4	1	8	0	0	0.733	0.7	0.571	0	0.0		
org.jfree.chart.axis.TickType	TickType	low-medium	low	low	low	0	0	0	2	0	0	3	0	0	2	0	0	0	0.0	0.0	0.0	0	0.0		
org.jfree.chart.axis.TickUnit	TickUnit	low	low	low	low	0	10	3	1	2	16	44	40	2	1	8	0	0	0.667	0.562	0.393	0	0.0		
org.jfree.chart.axis.TickUnitSource	TickUnitSource	low	low	low	low	1	3	0	1	3	3	4	3	0	0	3	0	0	0.0	0.333	0.0	0	0.0		
org.jfree.chart.axis.TickUnits	TickUnits	low	low	low	low-medium	2	18	10	1	0	14	49	46	1	1	9	0	0	0.571	0.667	0.222	0	0.0		
org.jfree.chart.axis.Timeline	Timeline	low	low	low	low	0	7	0	1	1	7	8	7	0	0	7	0	0	0.0	0.333	0.0	0	0.0		
org.jfree.chart.axis.ValueAxis	ValueAxis	very-high	medium-high	very-high	high	15	291	106	2	4	177	587	557	19	9	72	0	1	0.947	0.884	0.938	5	0.028		
org.jfree.chart.axis.ValueTick	ValueTick	low-medium	low	low	low	2	8	2	2	3	9	30	27	2	0	5	0	0	0.375	0.567	0.2	0	0.0		
<Package>org.jfree.chart.block	org.jfree.chart.block	low-medium	medium-high	medium-high	low						485	1723													
org.jfree.chart.block.AbstractBlock	AbstractBlock	medium-high	low-medium	medium-high	high	10	128	43	1	6	55	188	179	7	1	38	0	0	0.772	0.855	0.779	3	0.0		
org.jfree.chart.block.Arrangement	Arrangement	low	low	low	low	4	3	0	1	5	3	4	3	0	0	3	0	0	0.0	0.556	0.0	0	0.0		
org.jfree.chart.block.Block	Block	low	low	low	low-medium	2	7	0	1	6	7	8	7	0	0	7	0	0	0.0	0.643	0.0	0	0.0		
org.jfree.chart.block.BlockBorder	BlockBorder	low-medium	low	low-medium	medium-high	4	66	18	1	0	19	68	62	2	2	11	0	0	0.75	0.778	0.75	0	0.0		
org.jfree.chart.block.BlockContainer	BlockContainer	low-medium	low-medium	low-medium	medium-high	10	63	29	2	1	26	87	82	2	1	15	0	1	0.567	0.733	0.562	0	0.133		
org.jfree.chart.block.BlockFrame	BlockFrame	low	low	low	low	1	2	0	1	2	2	3	2	0	0	2	0	0	0.0	0.333	0.0	0	0.0		
org.jfree.chart.block.BlockParams	BlockParams	low	low	low	low	0	7	0	1	0	7	21	17	3	0	7	0	0	0.667	0.524	0.571	0	0.0		
org.jfree.chart.block.BlockResult	BlockResult	low	low	low	low	1	3	0	1	0	3	9	7	1	0	3	0	0	0.0	0.333	0.0	0	0.0		
org.jfree.chart.block.BorderArrangement	BorderArrangement	medium-high	low-medium	medium-high	low-medium	7	55	28	1	0	71	301	294	5	1	11	0	0	0.19	0.648	0.6	2	0.0		
org.jfree.chart.block.CenterArrangement	CenterArrangement	low-medium	low-medium	low-medium	low	6	30	24	1	0	31	99	97	0	1	13	0	0	0.0	0.462	0.0	3	0.0		
org.jfree.chart.block.ColorBlock	ColorBlock	low-medium	low	low	medium-high	5	89	22	2	0	12	48	45	1	1	9	0	1	0.583	0.741	0.524	0	0.222		
org.jfree.chart.block.ColumnArrangement	ColumnArrangement	low-medium	low-medium	low-medium	low-medium	8	34	27	1	0	42	153	147	4	1	11	0	0	0.533	0.657	0.933	3	0.0		
org.jfree.chart.block.EmptyBlock	EmptyBlock	low-medium	low	low	low	2	43	11	2	0	5	22	19	0	1	5	0	1	0.0	0.567	0.0	0	0.4		
org.jfree.chart.block.EntityBlockParams	EntityBlockParams	low	low	low	low	0	1	0	1	1	1	2	1	0	0	1	0	0	0.0	0.0	0.0	0	0.0		
org.jfree.chart.block.EntityBlockResult	EntityBlockResult	low	low	low	low	1	1	0	1	1	1	2	1	0	0	1	0	0	0.0	0.0	0.0	0	0.0		
org.jfree.chart.block.FlowArrangement	FlowArrangement	low-medium	low-medium	low-medium	low-medium	8	37	30	1	0	46	173	167	4	1	14	0	0	0.533	0.635	0.933	3	0.0		
org.jfree.chart.block.GridArrangement	GridArrangement	medium-high	low-medium	low-medium	low	6	35	30	1	0	51	178	174	2	1	14	0	0	0.4	0.52	0.9	2	0.0		
org.jfree.chart.block.LabelBlock	LabelBlock	high	medium-high	low-medium	high	13	178	33	2	0	36	122	110	8	2	22	0	1	0.811	0.833	0.711	1	0.091		
org.jfree.chart.block.LengthConstraintType	LengthConstraintType	low-medium	low	low	low	0	0	0	2	0	0	4	0	0	3	0	0	0	0.0	0.0	0.0	0	0.0		
org.jfree.chart.block.LineBorder	LineBorder	low-medium	low	low-medium	medium-high	4	78	26	1	0	20	80	75	3	1	9	0	0	0.643	0.79	0.524	0	0.0		
org.jfree.chart.block.RectangleConstraint	RectangleConstraint	low-medium	low	low-medium	low-medium	4	24	4	1	0	33	110	100	6	1	19	0	0	0.571	0.653	0.561	1	0.0		
org.jfree.chart.block.Size2D	Size2D	low	low	low	low	0	12	2	1	0	14	41	37	2	1	10	0	0	0.571	0.533	0.467	0	0.0		
<Package>org.jfree.chart.date	org.jfree.chart.date	low	low	low-medium	low						157	425													
org.jfree.chart.date.MonthConstants	MonthConstants	low	low	low	low	0	0	0	1	2	0	13	0	0	12	0	0	0	0.0	0.0	0.0	0	0.0		
org.jfree.chart.date.SerialDate	SerialDate	high	low	low-medium	low-medium	1	59	30	1	1	119	279	239	1	30	22	25	0	0.998	0.674	0.987	0	0.0		
org.jfree.chart.date.SpreadsheetDate	SpreadsheetDate	low-medium	low	low-medium	low	1	29	16	2	0	38	133	127	4	1	20	0	0	0.813	0.575	0.696	0	0.0		
<Package>org.jfree.chart.encoders	org.jfree.chart.encoders	low	low	low-medium	low						38	151													
org.jfree.chart.encoders.EncoderUtil	EncoderUtil	low	low	low	low	2	21	6	1	0	8	40	39	0	0	0	8	0	0.0	0.25	0.0	0	0.0		
org.jfree.chart.encoders.ImageEncoder	ImageEncoder	low	low	low	low-medium	0	6	0	1	2	6	8	6	0	0	6	0	0	0.0	0.633	0.0	0	0.0		
org.jfree.chart.encoders.ImageEncoderFactory	ImageEncoderFactory	low	low	low	low	1	14	9	1	0	9	39	35	0	1	0	6	0	0.0	0.375	0.9	0	0.0		
org.jfree.chart.encoders.ImageFormat	ImageFormat	low	low	low	low	0	0	0	1	0	0	4	0	0	3	0	0	0	0.0	0.0	0.0	0	0.0		
org.jfree.chart.encoders.SunJPEGEncoderAdapter	SunJPEGEncoderAdapter	low	low	low	low-medium	1	20	14	1	0	9	38	36	1	0	7	0	0	0.0	0.657	0.857	0	0.0		
org.jfree.chart.encoders.SunPNGEncoderAdapter	SunPNGEncoderAdapter	low	low	low	low-medium	2	9	4	1	0	6	22	21	0	0	6	0	0	0.0	0.633	0.0	0	0.0		
<Package>org.jfree.chart.entity	org.jfree.chart.entity	low-medium	medium-high	medium-high	low						214	673													
org.jfree.chart.entity.AxisEntity	AxisEntity	medium-high	low	low-medium	low-medium	4	103	15	2	0	16	52	49	1	1	10	0	0	0.75	0.7	0.893	0	0.0		
org.jfree.chart.entity.CategoryItemEntity<R,C>	CategoryItemEntity	low-medium	low	low	medium-high	4	14	5	2	0	14	44	38	3	1	9	0	0	0.656	0.714	0.333	0	0.0		
org.jfree.chart.entity.CategoryLabelEntity<C>	CategoryLabelEntity	low-medium	low	low	low-medium	3	16	9	3	0	8	31	29	1	0	5	0	0	0.0	0.64	0.0	1	0.0		
org.jfree.chart.entity.ChartEntity	ChartEntity	low-medium	low	low-medium	high	5	77	26	1	12	38	126	121	3	1	20	0	0	0.696	0.806	0.633	0	0.0		
org.jfree.chart.entity.EntityCollection	EntityCollection	low	low	low	low-medium	1	8	0	1	1	8	9	8	0	0	8	0	0	0.0	0.7	0.0	0	0.0		
org.jfree.chart.entity.FlowEntity	FlowEntity	low-medium	low	low	low-medium	2	11	4	2	0	7	24	22	1	0	5	0	0	0.0	0.64	0.0	0	0.0		
org.jfree.chart.entity.JFreeChartEntity	JFreeChartEntity	low-medium	low	low-medium	low-medium	4	97	15	2	0	16	52	49	1	1	10	0	0	0.75	0.7	0.893	0	0.0		
org.jfree.chart.entity.LegendItemEntity<S>	LegendItemEntity	low-medium	low	low	low-medium	2	12	3	2	0	13	37	31	3	1	8	0	0	0.75	0.7	0.607	0	0.0		
org.jfree.chart.entity.NodeEntity	NodeEntity	low-medium	low	low	low	2	5	1	2	0	4	13	11	1	0	4	0	0	0.0	0.437	0.5	0	0.0		
org.jfree.chart.entity.PieSectionEntity<K>	PieSectionEntity	low-medium	low	low-medium	medium-high	3	19	5	2	0	18	56	49	4	1	12	0	0	0.709	0.738	0.455	0	0.0		
org.jfree.chart.entity.PlotEntity	PlotEntity	low-medium	low	low-medium	low-medium	4	95	15	2	0	16	52	49	1	1	10	0	0	0.75	0.7	0.893	0	0.0		
org.jfree.chart.entity.StandardEntityCollection	StandardEntityCollection	low	low	low-medium	medium-high	2	27	15	1	0	17	58	54	1	1	12	0	0	0.545	0.764	0.0	1	0.0		
org.jfree.chart.entity.TickLabelEntity	TickLabelEntity	low-medium	low	low	low	0	1	0	2	1	1	5	2	0	1	1	0	0	0.0	0.0	0.0	0	0.0		
org.jfree.chart.entity.TitleEntity	TitleEntity	low-medium	low	low-medium	low-medium	4	71	15	2	0	16	52	49	1	1	10	0	0	0.75	0.7	0.893	0	0.0		
org.jfree.chart.entity.XYAnnotationEntity	XYAnnotationEntity	low-medium	low	low	low	0	6	1	2	0	8	23	20	1	1	4	0	0	0.667	0.55	0.0	0	0.0		
org.jfree.chart.entity.XYItemEntity	XYItemEntity	low-medium	low	low	low-medium	1	11	4	2	0	14	39	34	3	1	9	0	0	0.75	0.685	0.611	0	0.0		
<Package>org.jfree.chart.event	org.jfree.chart.event	low	low-medium	medium-high	low						36	118													
org.jfree.chart.event.AnnotationChangeEvent	AnnotationChangeEvent	low-medium	low	low	low	2	3	1	3	0	2	8	6	1	0	2	0	0	0.0	0.333	0.0	0	0.0		
org.jfree.chart.event.AnnotationChangeListener	AnnotationChangeListener	low	low	low	low	1	1	0	1	3	1	2	1	0	0	1	0	0	0.0	0.0	0.0	0	0.0		
org.jfree.chart.event.AxisChangeEvent	AxisChangeEvent	low-medium	low	low	low	1	2	0	3	0	2	7	5	1	0	2	0	0	0.0	0.25	0.0	0	0.0		
org.jfree.chart.event.AxisChangeListener	AxisChangeListener	low	low	low	low	1	1	0	1	2	1	2	1	0	0	1	0	0	0.0	0.0	0.0	0	0.0		
org.jfree.chart.event.ChartChangeEvent	ChartChangeEvent	low-medium	low	low	low	3	8	1	2	7	7	22	19	2	0	7	0	0	0.5	0.464	0.714	0	0.0		
org.jfree.chart.event.ChartChangeEventType	ChartChangeEventType	low-medium	low	low	low	0	0	0	2	0	0	4	0	0	3	0	0	0	0.0	0.0	0.0	0	0.0		
org.jfree.chart.event.ChartChangeListener	ChartChangeListener	low	low	low	low	1	1	0	1	1	1	2	1	0	0	1	0	0	0.0	0.0	0.0	0	0.0		
org.jfree.chart.event.ChartProgressEvent	ChartProgressEvent	low-medium	low	low	low	3	8	1	2	0	7	24	20	3	0	7	0	0	0.667	0.6	0.571	0	0.0		
org.jfree.chart.event.ChartProgressEventType	ChartProgressEventType	low-medium	low	low	low	0	0	0	2	0	0	3	0	0	2	0	0	0	0.0	0.0	0.0	0	0.0		
org.jfree.chart.event.ChartProgressListener	ChartProgressListener	low	low	low	low	1	1	0	1	1	1	2	1	0	0	1	0	0	0.0	0.0	0.0	0	0.0		
org.jfree.chart.event.MarkerChangeEvent	MarkerChangeEvent	low-medium	low	low	low	1	2	0	3	0	2	7	5	1	0	2	0	0	0.0	0.25	0.0	0	0.0		
org.jfree.chart.event.MarkerChangeListener	MarkerChangeListener	low	low	low	low	1	1	0	1	1	1	2	1	0	0	1	0	0	0.0	0.0	0.0	0	0.0		
org.jfree.chart.event.PlotChangeEvent	PlotChangeEvent	low-medium	low	low	low	1	2	0	3	0	2	7	5	1	0	2	0	0	0.0	0.25	0.0	0	0.0		
org.jfree.chart.event.PlotChangeListener	PlotChangeListener	low	low	low	low	1	1	0	1	5	1	2	1	0	0	1	0	0	0.0	0.0	0.0	0	0.0		
org.jfree.chart.event.RendererChangeEvent	RendererChangeEvent	low-medium	low	low	low	0	4	0	3	0	4	13	10	2	0	4	0	0	0.5	0.417	0.667	0	0.0		
org.jfree.chart.event.RendererChangeListener	RendererChangeListener	low	low	low	low	1	1	0	1	4	1	2	1	0	0	1	0	0	0.0	0.0	0.0	0	0.0		
org.jfree.chart.event.TitleChangeEvent	TitleChangeEvent	low-medium	low	low	low	1	2	0	3	0	2	7	5	1	0	2	0	0	0.0	0.25	0.0	0	0.0		
org.jfree.chart.event.TitleChangeListener	TitleChangeListener	low	low	low	low	1	1	0	1	1	1	2	1	0	0	1	0	0	0.0	0.0	0.0	0	0.0		
<Package>org.jfree.chart.imagemap	org.jfree.chart.imagemap	low	low	low-medium	low						35	131													
org.jfree.chart.imagemap.DynamicDriveToolTipTagFragmentGenerator	DynamicDriveToolTipTagFragmentGenerator	low	low	low	low	1	10	1	1	0	3	15	11	2	0	3	0	0	0.0	0.333	0.667	0	0.0		
org.jfree.chart.imagemap.ImageMapUtils	ImageMapUtils	low-medium	low-medium	low-medium	low	10	38	17	1	0	24	88	87	0	0	0	7	0	0.0	0.449	0.0	1	0.0		
org.jfree.chart.imagemap.OverLIBToolTipTagFragmentGenerator	OverLIBToolTipTagFragmentGenerator	low	low	low	low	1	9	1	1	0	2	9	7	0	0	2	0	0	0.0	0.25	0.0	0	0.0		
org.jfree.chart.imagemap.StandardToolTipTagFragmentGenerator	StandardToolTipTagFragmentGenerator	low	low	low	low	1	9	1	1	0	2	8	6	0	0	2	0	0	0.0	0.25	0.0	0	0.0		
org.jfree.chart.imagemap.StandardURLTagFragmentGenerator	StandardURLTagFragmentGenerator	low	low	low	low	0	2	0	1	0	2	7	5	0	0	2	0	0	0.0	0.25	0.0	0	0.0		
org.jfree.chart.imagemap.ToolTipTagFragmentGenerator	ToolTipTagFragmentGenerator	low	low	low	low	0	1	0	1	3	1	2	1	0	0	1	0	0	0.0	0.0	0.0	0	0.0		
org.jfree.chart.imagemap.URLTagFragmentGenerator	URLTagFragmentGenerator	low	low	low	low	0	1	0	1	1	1	2	1	0	0	1	0	0	0.0	0.0	0.0	0	0.0		
<Package>org.jfree.chart.internal	org.jfree.chart.internal	low-medium	low	low-medium	low						257	898													
org.jfree.chart.internal.Args	Args	low	low	low	low	0	6	1	1	0	11	22	21	0	0	0	5	0	0.0	0.4	0.0	0	0.0		
org.jfree.chart.internal.ArrayUtils	ArrayUtils	low-medium	low	low-medium	low	0	11	5	1	0	33	66	65	0	0	1	5	0	0.0	0.542	0.0	0	0.0		
org.jfree.chart.internal.CloneUtils	CloneUtils	low-medium	low	low-medium	low	2	15	12	1	0	21	62	61	0	0	0	4	0	0.0	0.5	0.0	0	0.0		
org.jfree.chart.internal.HashUtils	HashUtils	low	low	low	low-medium	0	19	10	1	0	19	45	44	0	0	0	10	0	0.0	0.7	0.0	0	0.0		
org.jfree.chart.internal.LineUtils	LineUtils	low-medium	low	low-medium	low	1	14	12	1	0	26	72	71	0	0	0	2	0	0.0	0.25	0.0	0	0.0		
org.jfree.chart.internal.PaintUtils	PaintUtils	low-medium	low	low-medium	low-medium	0	48	44	1	0	28	85	84	0	0	1	4	0	0.0	0.64	0.0	0	0.0		
org.jfree.chart.internal.SerialUtils	SerialUtils	medium-high	low	medium-high	medium-high	1	93	80	1	0	70	337	336	0	0	1	17	0	0.0	0.783	0.0	0	0.0		
org.jfree.chart.internal.ShapeUtils	ShapeUtils	low-medium	low	low-medium	medium-high	2	71	51	1	0	49	209	207	0	1	1	20	0	0.0	0.775	1.0	0	0.0		
<Package>org.jfree.chart.labels	org.jfree.chart.labels	low-medium	high	high	low						402	1503													
org.jfree.chart.labels.AbstractCategoryItemLabelGenerator	AbstractCategoryItemLabelGenerator	low-medium	low	low-medium	low-medium	4	34	19	1	2	24	98	90	5	1	13	0	0	0.593	0.692	0.607	0	0.0		
org.jfree.chart.labels.AbstractPieItemLabelGenerator	AbstractPieItemLabelGenerator	low	low	low-medium	medium-high	4	25	14	1	2	20	73	68	3	1	9	0	0	0.594	0.704	0.267	0	0.0		
org.jfree.chart.labels.AbstractXYItemLabelGenerator	AbstractXYItemLabelGenerator	low-medium	low	low-medium	medium-high	3	36	19	1	5	32	110	102	6	1	16	0	0	0.724	0.723	0.533	0	0.0		
org.jfree.chart.labels.BoxAndWhiskerToolTipGenerator	BoxAndWhiskerToolTipGenerator	low-medium	low	low	low-medium	3	19	12	3	0	7	37	30	0	2	4	0	1	0.0	0.625	1.0	1	0.75		
org.jfree.chart.labels.BoxAndWhiskerXYToolTipGenerator	BoxAndWhiskerXYToolTipGenerator	low-medium	low	low	low-medium	3	23	16	3	0	8	39	34	0	2	4	0	1	0.0	0.643	1.0	1	0.75		
org.jfree.chart.labels.BubbleXYItemLabelGenerator	BubbleXYItemLabelGenerator	low-medium	low	low-medium	medium-high	4	38	21	2	0	19	79	73	2	2	10	0	1	0.75	0.737	0.694	0	0.2		
org.jfree.chart.labels.CategoryItemLabelGenerator	CategoryItemLabelGenerator	low	low	low	low	1	3	0	1	2	3	4	3	0	0	3	0	0	0.0	0.0	0.0	0	0.0		
org.jfree.chart.labels.CategorySeriesLabelGenerator	CategorySeriesLabelGenerator	low	low	low	low	1	1	0	1	1	1	2	1	0	0	1	0	0	0.0	0.0	0.0	0	0.0		
org.jfree.chart.labels.CategoryToolTipGenerator	CategoryToolTipGenerator	low	low	low	low	1	1	0	1	2	1	2	1	0	0	1	0	0	0.0	0.0	0.0	0	0.0		
org.jfree.chart.labels.CrosshairLabelGenerator	CrosshairLabelGenerator	low	low	low	low	1	1	0	1	1	1	2	1	0	0	1	0	0	0.0	0.0	0.0	0	0.0		
org.jfree.chart.labels.CustomXYToolTipGenerator	CustomXYToolTipGenerator	low	low	low-medium	low-medium	1	13	8	1	0	18	51	47	1	1	8	0	0	0.625	0.65	0.643	0	0.0		
org.jfree.chart.labels.FlowLabelGenerator	FlowLabelGenerator	low	low	low	low	2	1	0	1	1	1	2	1	0	0	1	0	0	0.0	0.0	0.0	0	0.0		
org.jfree.chart.labels.HighLowItemLabelGenerator	HighLowItemLabelGenerator	low-medium	low	low-medium	low-medium	3	28	20	1	0	21	75	70	2	1	7	0	0	0.417	0.667	0.524	0	0.0		
org.jfree.chart.labels.IntervalCategoryItemLabelGenerator	IntervalCategoryItemLabelGenerator	low-medium	low	low	low	3	14	10	3	0	9	37	30	0	2	4	0	1	0.0	0.583	1.0	1	0.75		
org.jfree.chart.labels.IntervalCategoryToolTipGenerator	IntervalCategoryToolTipGenerator	low-medium	low	low	low-medium	3	21	12	3	0	13	45	40	0	2	6	0	1	0.0	0.69	1.0	1	0.5		
org.jfree.chart.labels.IntervalXYItemLabelGenerator	IntervalXYItemLabelGenerator	low-medium	low	low-medium	low-medium	2	44	23	2	0	26	90	86	0	1	10	0	1	0.0	0.643	1.0	0	0.2		
org.jfree.chart.labels.IntervalXYToolTipGenerator	IntervalXYToolTipGenerator	low-medium	low	low-medium	low-medium	2	44	23	2	0	26	90	86	0	1	10	0	1	0.0	0.643	1.0	0	0.2		
org.jfree.chart.labels.ItemLabelAnchor	ItemLabelAnchor	low-medium	low	low	low	0	0	0	2	0	0	26	0	0	25	0	0	0	0.0	0.0	0.0	0	0.0		
org.jfree.chart.labels.ItemLabelPosition	ItemLabelPosition	low	low	low-medium	low-medium	3	13	4	1	0	15	55	49	4	1	9	0	0	0.633	0.667	0.583	0	0.0		
org.jfree.chart.labels.MultipleXYSeriesLabelGenerator	MultipleXYSeriesLabelGenerator	low	low	low-medium	low	3	28	18	1	0	19	81	74	3	2	9	0	0	0.686	0.6	0.25	0	0.0		
org.jfree.chart.labels.PieSectionLabelGenerator<K>	PieSectionLabelGenerator	low	low	low	low	1	2	0	1	1	2	4	2	0	0	2	0	0	0.0	0.0	0.0	0	0.0		
org.jfree.chart.labels.PieToolTipGenerator	PieToolTipGenerator	low	low	low	low	1	1	0	1	1	1	2	1	0	0	1	0	0	0.0	0.0	0.0	0	0.0		
org.jfree.chart.labels.StandardCategoryItemLabelGenerator	StandardCategoryItemLabelGenerator	low-medium	low	low	low-medium	1	24	3	2	1	9	31	25	0	2	7	0	0	0.0	0.673	1.0	0	0.0		
org.jfree.chart.labels.StandardCategorySeriesLabelGenerator	StandardCategorySeriesLabelGenerator	low	low	low	low-medium	3	14	7	1	0	10	39	34	1	2	7	0	0	0.833	0.629	0.6	0	0.0		
org.jfree.chart.labels.StandardCategoryToolTipGenerator	StandardCategoryToolTipGenerator	low-medium	low	low	low-medium	1	23	3	2	2	8	29	23	0	2	6	0	0	0.0	0.69	1.0	0	0.0		
org.jfree.chart.labels.StandardCrosshairLabelGenerator	StandardCrosshairLabelGenerator	low	low	low	low-medium	2	15	8	1	0	11	39	35	2	0	7	0	0	0.3	0.686	0.381	1	0.0		
org.jfree.chart.labels.StandardFlowLabelGenerator	StandardFlowLabelGenerator	low	low	low	low-medium	3	14	9	1	0	7	31	28	1	1	5	0	0	0.625	0.64	0.4	1	0.0		
org.jfree.chart.labels.StandardPieSectionLabelGenerator	StandardPieSectionLabelGenerator	low-medium	low	low-medium	medium-high	1	43	15	2	0	15	56	49	1	2	12	0	0	0.762	0.759	0.758	0	0.0		
org.jfree.chart.labels.StandardPieToolTipGenerator	StandardPieToolTipGenerator	low-medium	low	low	low-medium	1	23	5	2	0	7	23	18	0	2	7	0	0	1.0	0.643	0.952	0	0.0		
org.jfree.chart.labels.StandardXYItemLabelGenerator	StandardXYItemLabelGenerator	low-medium	low	low	low-medium	1	33	5	2	0	12	39	34	0	2	10	0	0	0.0	0.657	1.0	0	0.0		
org.jfree.chart.labels.StandardXYSeriesLabelGenerator	StandardXYSeriesLabelGenerator	low	low	low	low-medium	3	14	7	1	0	10	40	35	1	2	7	0	0	0.833	0.629	0.6	0	0.0		
org.jfree.chart.labels.StandardXYToolTipGenerator	StandardXYToolTipGenerator	low-medium	low	low	low-medium	1	30	6	2	2	12	40	35	0	2	9	1	0	1.0	0.671	0.978	0	0.0		
org.jfree.chart.labels.StandardXYZToolTipGenerator	StandardXYZToolTipGenerator	low-medium	low	low-medium	medium-high	4	30	20	3	0	18	78	72	2	2	10	0	1	0.75	0.737	0.694	1	0.3		
org.jfree.chart.labels.SymbolicXYItemLabelGenerator	SymbolicXYItemLabelGenerator	low	low-medium	low	low	7	27	13	1	0	12	46	43	0	1	5	1	0	0.0	0.567	0.0	0	0.0		
org.jfree.chart.labels.XYItemLabelGenerator	XYItemLabelGenerator	low	low	low	low	1	1	0	1	5	1	2	1	0	0	1	0	0	0.0	0.0	0.0	0	0.0		
org.jfree.chart.labels.XYSeriesLabelGenerator	XYSeriesLabelGenerator	low	low	low	low	1	1	0	1	2	1	2	1	0	0	1	0	0	0.0	0.0	0.0	0	0.0		
org.jfree.chart.labels.XYToolTipGenerator	XYToolTipGenerator	low	low	low	low	1	1	0	1	7	1	2	1	0	0	1	0	0	0.0	0.0	0.0	0	0.0		
org.jfree.chart.labels.XYZToolTipGenerator	XYZToolTipGenerator	low	low	low	low	1	1	0	1	1	1	2	1	0	0	1	0	0	0.0	0.0	0.0	0	0.0		
<Package>org.jfree.chart.legend	org.jfree.chart.legend	low-medium	low-medium	low-medium	low						325	1191													
org.jfree.chart.legend.LegendGraphic	LegendGraphic	very-high	medium-high	medium-high	high	11	210	47	2	0	76	240	223	14	1	38	0	1	0.85	0.868	0.792	2	0.053		
org.jfree.chart.legend.LegendItem	LegendItem	high	low-medium	very-high	high	10	187	26	1	0	87	334	307	23	3	58	0	0	0.912	0.871	0.877	0	0.0		
org.jfree.chart.legend.LegendItemBlockContainer	LegendItemBlockContainer	low-medium	low-medium	low	medium-high	7	40	11	3	0	11	44	37	6	0	9	0	0	0.896	0.764	0.806	0	0.0		
org.jfree.chart.legend.LegendItemCollection	LegendItemCollection	low	low	low	medium-high	2	26	9	1	0	12	35	32	1	1	9	0	0	0.563	0.711	0.0	0	0.0		
org.jfree.chart.legend.LegendItemSource	LegendItemSource	low	low	low	low	1	1	0	1	3	1	2	1	0	0	1	0	0	0.0	0.0	0.0	0	0.0		
org.jfree.chart.legend.LegendRenderingOrder	LegendRenderingOrder	low-medium	low	low	low	0	0	0	2	0	0	3	0	0	2	0	0	0	0.0	0.0	0.0	0	0.0		
org.jfree.chart.legend.LegendTitle	LegendTitle	high	very-high	medium-high	very-high	31	199	80	3	0	66	243	223	14	3	35	0	1	0.905	0.902	0.864	2	0.086		
org.jfree.chart.legend.PaintScaleLegend	PaintScaleLegend	very-high	medium-high	low-medium	high	19	226	67	3	0	72	290	277	10	1	29	0	1	0.832	0.89	0.766	7	0.103		
<Package>org.jfree.chart.plot	org.jfree.chart.plot	very-high	high	very-high	low						2922	9460													
org.jfree.chart.plot.CategoryCrosshairState<R,C>	CategoryCrosshairState	low-medium	low	low	low	3	15	8	2	0	13	47	43	2	0	7	0	0	0.333	0.548	0.19	0	0.0		
org.jfree.chart.plot.CategoryMarker	CategoryMarker	low-medium	low	low	low-medium	3	45	5	2	0	15	44	41	2	0	9	0	0	0.417	0.683	0.583	0	0.0		
org.jfree.chart.plot.CategoryPlot<R,C>	CategoryPlot	very-high	very-high	very-high	very-high	43	644	313	2	2	617	1788	1718	50	10	225	0	7	0.966	0.943	0.967	9	0.062		
org.jfree.chart.plot.CenterTextMode	CenterTextMode	low-medium	low	low	low	0	0	0	2	0	0	4	0	0	3	0	0	0	0.0	0.0	0.0	0	0.0		
org.jfree.chart.plot.CombinedDomainCategoryPlot	CombinedDomainCategoryPlot	very-high	medium-high	low-medium	high	17	559	88	3	0	74	257	251	3	1	26	0	9	0.721	0.87	0.652	4	1.038		
org.jfree.chart.plot.CombinedDomainXYPlot<S>	CombinedDomainXYPlot	very-high	medium-high	medium-high	high	20	530	87	3	0	87	283	277	3	1	31	0	12	0.739	0.878	0.525	4	1.161		
org.jfree.chart.plot.CombinedRangeCategoryPlot	CombinedRangeCategoryPlot	very-high	medium-high	low-medium	high	17	472	74	3	0	64	218	212	3	1	21	0	5	0.719	0.877	0.458	3	0.714		
org.jfree.chart.plot.CombinedRangeXYPlot<S>	CombinedRangeXYPlot	very-high	medium-high	low-medium	high	18	523	85	3	0	80	264	258	3	1	29	0	12	0.75	0.87	0.604	3	1.241		
org.jfree.chart.plot.Crosshair	Crosshair	medium-high	low-medium	medium-high	high	7	111	21	1	0	57	219	202	16	0	40	0	0	0.844	0.867	0.65	0	0.0		
org.jfree.chart.plot.CrosshairState	CrosshairState	low-medium	low	low-medium	medium-high	1	22	3	1	2	27	78	69	8	0	19	0	0	0.831	0.702	0.76	0	0.0		
org.jfree.chart.plot.DatasetRenderingOrder	DatasetRenderingOrder	low-medium	low	low	low	0	0	0	2	0	0	3	0	0	2	0	0	0	0.0	0.0	0.0	0	0.0		
org.jfree.chart.plot.DefaultDrawingSupplier	DefaultDrawingSupplier	low-medium	low	low-medium	medium-high	2	97	16	1	0	44	213	184	12	7	14	3	0	0.847	0.787	0.682	0	0.0		
org.jfree.chart.plot.DialShape	DialShape	low-medium	low	low	low	0	0	0	2	0	0	4	0	0	3	0	0	0	0.0	0.0	0.0	0	0.0		
org.jfree.chart.plot.DrawingSupplier	DrawingSupplier	low	low	low	low	0	6	0	1	1	6	7	6	0	0	6	0	0	0.0	0.0	0.0	0	0.0		
org.jfree.chart.plot.FastScatterPlot	FastScatterPlot	very-high	medium-high	high	high	17	250	75	2	0	100	372	349	14	4	50	0	0	0.91	0.876	0.802	4	0.0		
org.jfree.chart.plot.IntervalMarker	IntervalMarker	low-medium	low	low-medium	medium-high	3	48	5	2	0	17	54	49	3	1	11	0	0	0.714	0.714	0.709	0	0.0		
org.jfree.chart.plot.Marker	Marker	medium-high	low-medium	medium-high	very-high	9	100	19	1	3	59	188	172	14	1	38	0	0	0.892	0.904	0.902	0	0.0		
org.jfree.chart.plot.MeterInterval	MeterInterval	low-medium	low	low-medium	medium-high	4	66	11	1	0	17	57	50	5	1	10	0	0	0.688	0.762	0.607	0	0.0		
org.jfree.chart.plot.MeterPlot	MeterPlot	very-high	medium-high	very-high	very-high	15	214	76	2	0	130	483	451	19	10	57	0	2	0.936	0.906	0.882	2	0.07		
org.jfree.chart.plot.Pannable	Pannable	low	low	low	low	2	5	0	1	3	5	8	5	0	0	5	0	0	0.0	0.45	0.0	0	0.0		
org.jfree.chart.plot.Plot	Plot	very-high	high	very-high	very-high	30	248	63	1	13	157	459	422	18	12	67	2	0	0.95	0.942	0.953	2	0.0		
org.jfree.chart.plot.PlotOrientation	PlotOrientation	low-medium	low	low	low	0	3	1	2	0	2	7	4	0	2	2	0	0	1.0	0.0	1.0	0	0.0		
org.jfree.chart.plot.PlotRenderingInfo	PlotRenderingInfo	low-medium	low	low-medium	high	4	76	17	1	0	25	76	70	4	1	15	0	0	0.708	0.822	0.513	0	0.0		
org.jfree.chart.plot.PlotState	PlotState	low	low	low	low	0	2	0	1	0	2	6	4	1	0	2	0	0	0.0	0.0	0.0	0	0.0		
org.jfree.chart.plot.PolarAxisLocation	PolarAxisLocation	low-medium	low	low	low	0	0	0	2	0	0	9	0	0	8	0	0	0	0.0	0.0	0.0	0	0.0		
org.jfree.chart.plot.PolarPlot	PolarPlot	very-high	very-high	very-high	very-high	31	381	139	2	0	231	711	676	22	8	94	0	3	0.95	0.921	0.952	4	0.064		
org.jfree.chart.plot.RingPlot	RingPlot	very-high	medium-high	low-medium	very-high	19	229	72	3	0	65	242	229	11	1	30	0	1	0.849	0.914	0.828	1	0.1		
org.jfree.chart.plot.SeriesRenderingOrder	SeriesRenderingOrder	low-medium	low	low	low	0	0	0	2	0	0	3	0	0	2	0	0	0	0.0	0.0	0.0	0	0.0		
org.jfree.chart.plot.SpiderWebPlot	SpiderWebPlot	very-high	high	very-high	very-high	23	346	111	2	0	128	522	482	23	13	62	0	1	0.946	0.913	0.899	2	0.032		
org.jfree.chart.plot.ThermometerPlot	ThermometerPlot	very-high	medium-high	very-high	very-high	17	236	85	2	0	166	569	510	26	24	71	2	2	0.965	0.908	0.929	2	0.056		
org.jfree.chart.plot.ValueAxisPlot	ValueAxisPlot	low	low	low	low	2	1	0	1	5	1	2	1	0	0	1	0	0	0.0	0.0	0.0	0	0.0		
org.jfree.chart.plot.ValueMarker	ValueMarker	low-medium	low	low	low	1	39	2	2	0	10	28	26	1	0	6	0	0	0.0	0.556	0.333	0	0.0		
org.jfree.chart.plot.WaferMapPlot	WaferMapPlot	medium-high	low-medium	low-medium	medium-high	10	106	33	2	0	34	176	157	3	7	14	0	1	1.0	0.779	0.891	1	0.143		
org.jfree.chart.plot.XYCrosshairState	XYCrosshairState	low-medium	low	low	low	0	1	0	2	0	1	2	1	0	0	1	0	0	0.0	0.0	0.0	0	0.0		
org.jfree.chart.plot.XYPlot<S>	XYPlot	very-high	very-high	very-high	very-high	41	648	323	2	2	679	2042	1969	56	7	236	0	6	0.968	0.936	0.968	10	0.051		
org.jfree.chart.plot.Zoomable	Zoomable	low	low	low	low	2	9	0	1	5	9	15	9	0	0	9	0	0	0.0	0.356	0.0	0	0.0		
<Package>org.jfree.chart.plot.compass	org.jfree.chart.plot.compass	low-medium	low	medium-high	low						230	833													
org.jfree.chart.plot.compass.ArrowNeedle	ArrowNeedle	low-medium	low	low-medium	low-medium	1	64	19	2	1	14	56	52	1	1	5	0	0	0.667	0.686	0.5	0	0.0		
org.jfree.chart.plot.compass.CompassPlot	CompassPlot	high	medium-high	medium-high	high	20	166	58	2	0	92	330	307	15	5	35	0	2	0.923	0.894	0.853	0	0.114		
org.jfree.chart.plot.compass.LineNeedle	LineNeedle	low-medium	low	low	low-medium	0	58	14	2	0	8	26	24	0	1	4	0	0	0.0	0.625	0.0	0	0.0		
org.jfree.chart.plot.compass.LongNeedle	LongNeedle	low-medium	low	low-medium	low-medium	0	67	26	2	0	13	67	65	0	1	5	0	0	0.0	0.667	0.0	0	0.0		
org.jfree.chart.plot.compass.MeterNeedle	MeterNeedle	low-medium	low	low-medium	high	3	100	27	1	8	41	119	109	7	2	26	0	0	0.81	0.833	0.784	0	0.0		
org.jfree.chart.plot.compass.MiddlePinNeedle	MiddlePinNeedle	low-medium	low	low	low-medium	0	61	17	2	0	11	43	40	0	1	4	0	0	0.0	0.625	0.0	0	0.0		
org.jfree.chart.plot.compass.PinNeedle	PinNeedle	low-medium	low	low	low-medium	0	61	17	2	0	10	41	39	0	1	4	0	0	0.0	0.625	0.0	0	0.0		
org.jfree.chart.plot.compass.PlumNeedle	PlumNeedle	low-medium	low	low	low-medium	0	62	18	2	0	9	35	33	0	1	4	0	0	0.0	0.625	0.0	0	0.0		
org.jfree.chart.plot.compass.PointerNeedle	PointerNeedle	low-medium	low	low-medium	low-medium	0	65	25	2	0	12	52	49	0	1	4	0	0	0.0	0.625	0.0	0	0.0		
org.jfree.chart.plot.compass.ShipNeedle	ShipNeedle	low-medium	low	low	low-medium	0	61	17	2	0	10	33	31	0	1	4	0	0	0.0	0.625	0.0	0	0.0		
org.jfree.chart.plot.compass.WindNeedle	WindNeedle	low-medium	low	low	low-medium	1	67	9	3	0	10	31	29	0	1	4	0	0	0.0	0.625	0.0	1	0.0		
<Package>org.jfree.chart.plot.dial	org.jfree.chart.plot.dial	low-medium	medium-high	medium-high	low						464	1766													
org.jfree.chart.plot.dial.AbstractDialLayer	AbstractDialLayer	low	low	low	medium-high	3	20	10	1	9	15	50	47	2	0	11	0	0	0.5	0.766	0.571	0	0.0		
org.jfree.chart.plot.dial.ArcDialFrame	ArcDialFrame	medium-high	low-medium	low-medium	high	6	102	27	2	0	36	170	160	7	1	25	0	0	0.744	0.836	0.697	0	0.0		
org.jfree.chart.plot.dial.DialBackground	DialBackground	low-medium	low-medium	low-medium	high	8	68	13	2	0	18	64	59	2	1	13	0	0	0.593	0.812	0.564	0	0.0		
org.jfree.chart.plot.dial.DialCap	DialCap	low-medium	low-medium	low-medium	high	6	89	21	2	0	23	90	83	4	1	16	0	0	0.631	0.837	0.56	0	0.0		
org.jfree.chart.plot.dial.DialFrame	DialFrame	low	low	low	low	0	1	0	1	2	1	2	1	0	0	1	0	0	0.0	0.0	0.0	0	0.0		
org.jfree.chart.plot.dial.DialLayer	DialLayer	low	low	low	low-medium	2	6	0	1	9	6	8	6	0	0	6	0	0	0.0	0.667	0.0	0	0.0		
org.jfree.chart.plot.dial.DialLayerChangeEvent	DialLayerChangeEvent	low-medium	low	low	low	1	2	0	3	0	2	7	5	1	0	2	0	0	0.0	0.25	0.0	0	0.0		
org.jfree.chart.plot.dial.DialLayerChangeListener	DialLayerChangeListener	low	low	low	low	1	1	0	1	1	1	2	1	0	0	1	0	0	0.0	0.0	0.0	0	0.0		
org.jfree.chart.plot.dial.DialPlot	DialPlot	medium-high	medium-high	high	high	12	118	51	2	0	82	268	255	12	0	41	1	0	0.842	0.896	0.864	2	0.0		
org.jfree.chart.plot.dial.DialPointer	DialPointer	low-medium	low	low-medium	low-medium	2	18	4	2	2	14	209	38	2	0	10	0	0	0.417	0.65	0.679	0	0.0		
org.jfree.chart.plot.dial.DialScale	DialScale	low	low	low	low	0	2	0	1	1	2	3	2	0	0	2	0	0	0.0	0.0	0.0	0	0.0		
org.jfree.chart.plot.dial.DialTextAnnotation	DialTextAnnotation	medium-high	low-medium	low-medium	high	8	118	24	2	0	29	110	101	6	1	20	0	0	0.739	0.862	0.608	0	0.0		
org.jfree.chart.plot.dial.DialValueIndicator	DialValueIndicator	high	medium-high	medium-high	very-high	11	176	42	2	0	60	236	218	15	1	40	0	0	0.875	0.907	0.824	0	0.0		
org.jfree.chart.plot.dial.StandardDialFrame	StandardDialFrame	low-medium	low-medium	low-medium	high	6	92	24	2	0	24	105	98	4	1	17	0	0	0.629	0.835	0.543	0	0.0		
org.jfree.chart.plot.dial.StandardDialRange	StandardDialRange	low-medium	low-medium	low-medium	high	7	86	17	2	0	34	130	121	6	1	22	0	0	0.73	0.832	0.637	0	0.0		
org.jfree.chart.plot.dial.StandardDialScale	StandardDialScale	high	low-medium	high	high	7	154	26	2	0	84	312	290	19	1	49	0	0	0.894	0.886	0.845	0	0.0		
<Package>org.jfree.chart.plot.flow	org.jfree.chart.plot.flow	low	low	low-medium	low						88	331													
org.jfree.chart.plot.flow.FlowPlot	FlowPlot	high	medium-high	medium-high	high	18	184	73	2	0	88	331	315	14	0	34	0	0	0.862	0.893	0.782	2	0.0		
<Package>org.jfree.chart.plot.pie	org.jfree.chart.plot.pie	low-medium	low	medium-high	low						447	1699													
org.jfree.chart.plot.pie.AbstractPieLabelDistributor	AbstractPieLabelDistributor	low	low	low	low-medium	2	11	5	1	1	6	14	12	1	0	6	0	0	0.0	0.625	0.333	0	0.0		
org.jfree.chart.plot.pie.MultiplePiePlot	MultiplePiePlot	very-high	high	low-medium	high	23	355	70	2	0	63	248	238	8	1	24	0	1	0.783	0.896	0.69	3	0.083		
org.jfree.chart.plot.pie.PieLabelDistributor	PieLabelDistributor	low-medium	low	low-medium	low	1	23	18	2	0	26	77	75	1	0	9	0	0	0.0	0.481	0.833	1	0.0		
org.jfree.chart.plot.pie.PieLabelLinkStyle	PieLabelLinkStyle	low-medium	low	low	low	0	0	0	2	0	0	4	0	0	3	0	0	0	0.0	0.0	0.0	0	0.0		
org.jfree.chart.plot.pie.PieLabelRecord	PieLabelRecord	low-medium	low	low-medium	medium-high	1	18	1	1	0	29	81	72	8	0	16	0	0	0.792	0.712	0.633	0	0.0		
org.jfree.chart.plot.pie.PiePlot<K>	PiePlot	very-high	very-high	very-high	very-high	37	483	191	2	1	302	1220	1151	48	15	132	0	1	0.961	0.941	0.934	3	0.015		
org.jfree.chart.plot.pie.PiePlotState	PiePlotState	low-medium	low	low-medium	low-medium	1	21	0	2	0	21	55	44	10	0	21	0	0	0.94	0.695	0.933	0	0.0		
<Package>org.jfree.chart.renderer	org.jfree.chart.renderer	medium-high	low-medium	medium-high	low						609	1862													
org.jfree.chart.renderer.AbstractRenderer	AbstractRenderer	very-high	medium-high	very-high	high	16	306	100	1	4	316	908	848	46	11	159	0	0	0.965	0.897	0.969	0	0.0		
org.jfree.chart.renderer.AreaRendererEndType	AreaRendererEndType	low-medium	low	low	low	0	0	0	2	0	0	4	0	0	3	0	0	0	0.0	0.0	0.0	0	0.0		
org.jfree.chart.renderer.DefaultPolarItemRenderer	DefaultPolarItemRenderer	very-high	medium-high	medium-high	high	19	284	95	2	0	91	355	340	13	0	38	0	0	0.869	0.895	0.827	6	0.0		
org.jfree.chart.renderer.GrayPaintScale	GrayPaintScale	low	low	low-medium	low-medium	1	15	4	1	0	18	58	53	3	0	10	0	0	0.333	0.625	0.6	0	0.0		
org.jfree.chart.renderer.LookupPaintScale	LookupPaintScale	low-medium	low	low-medium	medium-high	3	61	13	1	0	28	124	81	4	1	11	0	0	0.689	0.712	0.472	0	0.0		
org.jfree.chart.renderer.NotOutlierException	NotOutlierException	low-medium	low	low	low	0	1	0	3	0	1	3	2	0	0	1	0	0	0.0	0.0	0.0	0	0.0		
org.jfree.chart.renderer.Outlier	Outlier	low	low	low	low-medium	0	14	6	1	0	18	49	46	2	0	11	0	0	0.417	0.691	0.727	0	0.0		
org.jfree.chart.renderer.OutlierList	OutlierList	low	low	low	low	1	18	10	1	0	11	33	29	3	0	9	0	0	0.762	0.481	0.778	1	0.0		
org.jfree.chart.renderer.OutlierListCollection	OutlierListCollection	low	low	low	low	2	25	8	1	0	12	32	28	3	0	8	0	0	0.778	0.594	0.762	0	0.0		
org.jfree.chart.renderer.PaintScale	PaintScale	low	low	low	low	0	3	0	1	2	3	4	3	0	0	3	0	0	0.0	0.333	0.0	0	0.0		
org.jfree.chart.renderer.PolarItemRenderer	PolarItemRenderer	low	low-medium	low	medium-high	8	15	0	1	1	15	20	15	0	0	15	0	0	0.0	0.778	0.0	0	0.0		
org.jfree.chart.renderer.RendererState	RendererState	low	low	low	low	3	7	2	1	3	7	19	16	2	0	5	0	0	0.5	0.533	0.4	1	0.0		
org.jfree.chart.renderer.RendererUtils	RendererUtils	low-medium	low	low-medium	low	3	9	8	1	0	34	110	109	0	0	0	3	0	0.0	0.0	0.0	0	0.0		
org.jfree.chart.renderer.WaferMapRenderer	WaferMapRenderer	low-medium	low	low-medium	medium-high	5	58	34	2	0	44	143	135	4	3	15	0	0	0.757	0.711	0.929	2	0.0		
<Package>org.jfree.chart.renderer.category	org.jfree.chart.renderer.category	high	high	high	low						1328	4906													
org.jfree.chart.renderer.category.AbstractCategoryItemRenderer	AbstractCategoryItemRenderer	very-high	very-high	very-high	high	35	379	150	2	8	165	697	681	12	1	59	0	0	0.891	0.898	0.938	7	0.0		
org.jfree.chart.renderer.category.AreaRenderer	AreaRenderer	very-high	medium-high	low-medium	medium-high	13	250	56	3	1	31	141	137	1	1	7	0	1	0.625	0.766	0.524	2	0.429		
org.jfree.chart.renderer.category.BarPainter	BarPainter	low	low	low	low	2	2	0	1	2	2	6	2	0	0	2	0	0	0.0	0.071	0.0	0	0.0		
org.jfree.chart.renderer.category.BarRenderer	BarRenderer	very-high	high	high	high	24	342	120	3	5	143	503	480	16	5	45	4	1	0.942	0.899	0.885	7	0.067		
org.jfree.chart.renderer.category.BoxAndWhiskerRenderer	BoxAndWhiskerRenderer	very-high	medium-high	medium-high	high	20	274	105	3	0	115	460	447	10	1	34	0	1	0.844	0.848	0.788	6	0.088		
org.jfree.chart.renderer.category.CategoryItemRenderer	CategoryItemRenderer	very-high	medium-high	very-high	very-high	16	135	0	1	2	135	144	135	0	0	135	0	0	0.0	0.901	0.0	0	0.0		
org.jfree.chart.renderer.category.CategoryItemRendererState	CategoryItemRendererState	low-medium	low	low	low-medium	2	12	1	2	1	16	43	38	4	0	11	0	0	0.8	0.691	0.756	0	0.0		
org.jfree.chart.renderer.category.CategoryStepRenderer	CategoryStepRenderer	very-high	medium-high	low-medium	high	11	210	45	3	0	29	124	114	1	2	9	0	2	0.833	0.807	0.714	1	0.667		
org.jfree.chart.renderer.category.DefaultCategoryItemRenderer	DefaultCategoryItemRenderer	medium-high	low	low	low	0	0	0	4	0	0	3	0	0	1	0	0	0	0.0	0.0	0.0	0	0.0		
org.jfree.chart.renderer.category.GanttRenderer	GanttRenderer	very-high	medium-high	low-medium	high	17	286	56	5	0	59	271	265	4	1	16	0	1	0.769	0.809	0.682	3	0.313		
org.jfree.chart.renderer.category.GradientBarPainter	GradientBarPainter	low-medium	low	low-medium	low-medium	3	56	30	1	0	34	170	166	3	0	9	0	0	0.0	0.63	0.6	1	0.0		
org.jfree.chart.renderer.category.GroupedStackedBarRenderer	GroupedStackedBarRenderer	very-high	medium-high	low-medium	low-medium	17	220	46	5	0	39	158	154	1	1	7	0	4	0.583	0.667	0.0	6	2.857		
org.jfree.chart.renderer.category.IntervalBarRenderer	IntervalBarRenderer	very-high	medium-high	low-medium	low	14	245	30	4	1	20	85	83	0	1	5	0	1	0.0	0.582	0.0	4	0.8		
org.jfree.chart.renderer.category.LayeredBarRenderer	LayeredBarRenderer	very-high	medium-high	low-medium	low	12	235	58	4	0	62	217	214	1	1	9	0	2	0.75	0.586	0.333	5	0.889		
org.jfree.chart.renderer.category.LevelRenderer	LevelRenderer	very-high	medium-high	low-medium	medium-high	12	252	57	3	0	36	168	162	2	2	13	0	1	0.714	0.759	0.511	4	0.231		
org.jfree.chart.renderer.category.LineAndShapeRenderer	LineAndShapeRenderer	very-high	medium-high	medium-high	high	11	288	68	3	2	84	275	261	11	1	35	0	2	0.869	0.842	0.847	2	0.171		
org.jfree.chart.renderer.category.MinMaxCategoryRenderer	MinMaxCategoryRenderer	high	medium-high	low-medium	high	11	157	30	3	0	37	188	174	9	1	19	0	0	0.86	0.876	0.762	1	0.0		
org.jfree.chart.renderer.category.ScatterRenderer	ScatterRenderer	very-high	medium-high	low-medium	high	12	208	57	3	0	55	187	178	7	0	24	0	2	0.759	0.864	0.706	1	0.25		
org.jfree.chart.renderer.category.StackedAreaRenderer	StackedAreaRenderer	high	medium-high	low-medium	medium-high	12	198	34	4	0	42	216	212	1	1	11	0	3	0.583	0.795	0.464	2	1.091		
org.jfree.chart.renderer.category.StackedBarRenderer	StackedBarRenderer	very-high	medium-high	low-medium	medium-high	18	217	44	4	1	45	150	146	1	1	9	0	4	0.6	0.747	0.464	5	1.778		
org.jfree.chart.renderer.category.StandardBarPainter	StandardBarPainter	low-medium	low	low-medium	low	3	43	19	1	0	23	73	72	0	0	6	0	0	0.0	0.593	0.0	1	0.0		
org.jfree.chart.renderer.category.StatisticalBarRenderer	StatisticalBarRenderer	very-high	medium-high	low-medium	medium-high	16	270	41	4	0	62	250	244	2	1	12	0	2	0.519	0.767	0.607	2	0.667		
org.jfree.chart.renderer.category.StatisticalLineAndShapeRenderer	StatisticalLineAndShapeRenderer	very-high	medium-high	low-medium	high	16	306	56	4	0	48	187	182	2	1	12	0	1	0.556	0.85	0.511	4	0.333		
org.jfree.chart.renderer.category.WaterfallBarRenderer	WaterfallBarRenderer	very-high	medium-high	low-medium	high	18	231	47	4	0	45	190	184	4	1	15	0	2	0.683	0.836	0.731	3	0.533		
<Package>org.jfree.chart.renderer.xy	org.jfree.chart.renderer.xy	high	high	very-high	low						1908	7141													
org.jfree.chart.renderer.xy.AbstractXYItemRenderer	AbstractXYItemRenderer	very-high	very-high	very-high	very-high	34	364	149	2	18	167	762	747	11	1	52	2	0	0.849	0.901	0.909	6	0.0		
org.jfree.chart.renderer.xy.CandlestickRenderer	CandlestickRenderer	very-high	medium-high	medium-high	high	19	211	50	3	0	77	309	291	12	4	30	0	2	0.893	0.878	0.82	2	0.2		
org.jfree.chart.renderer.xy.ClusteredXYBarRenderer	ClusteredXYBarRenderer	very-high	medium-high	low-medium	high	17	214	41	4	0	41	148	144	1	1	8	0	2	0.667	0.804	0.714	3	1.0		
org.jfree.chart.renderer.xy.CyclicXYItemRenderer	CyclicXYItemRenderer	high	low-medium	low-medium	low-medium	9	172	8	4	0	52	182	131	0	1	5	0	0	0.0	0.667	0.0	1	0.0		
org.jfree.chart.renderer.xy.DefaultXYItemRenderer	DefaultXYItemRenderer	medium-high	low	low	low	0	0	0	4	0	0	3	0	0	1	0	0	0	0.0	0.0	0.0	0	0.0		
org.jfree.chart.renderer.xy.DeviationRenderer	DeviationRenderer	very-high	medium-high	low-medium	medium-high	15	269	36	4	1	29	119	110	1	0	12	0	7	0.0	0.788	0.778	2	2.333		
org.jfree.chart.renderer.xy.DeviationStepRenderer	DeviationStepRenderer	very-high	medium-high	low-medium	low-medium	15	238	41	5	0	36	129	128	0	0	5	0	2	0.0	0.617	0.0	4	2.0		
org.jfree.chart.renderer.xy.GradientXYBarPainter	GradientXYBarPainter	low-medium	low	low-medium	low-medium	3	55	29	1	0	34	170	166	3	0	9	0	0	0.0	0.63	0.6	1	0.0		
org.jfree.chart.renderer.xy.HighLowRenderer	HighLowRenderer	high	medium-high	low-medium	high	16	156	36	3	0	51	164	156	5	1	17	0	1	0.786	0.871	0.743	3	0.176		
org.jfree.chart.renderer.xy.SamplingXYLineRenderer	SamplingXYLineRenderer	high	medium-high	low-medium	medium-high	12	156	32	3	0	21	121	98	1	0	8	0	2	0.0	0.76	0.8	2	0.75		
org.jfree.chart.renderer.xy.StackedXYAreaRenderer	StackedXYAreaRenderer	high	medium-high	low-medium	high	19	200	65	4	0	60	232	202	2	1	16	0	4	0.667	0.854	0.923	3	1.0		
org.jfree.chart.renderer.xy.StackedXYAreaRenderer2	StackedXYAreaRenderer2	medium-high	medium-high	low-medium	high	16	130	34	4	0	46	254	250	1	1	12	0	3	0.625	0.844	0.722	2	1.0		
org.jfree.chart.renderer.xy.StackedXYBarRenderer	StackedXYBarRenderer	very-high	high	low-medium	medium-high	21	206	38	4	0	51	164	161	1	1	10	0	4	0.583	0.785	0.533	3	1.6		
org.jfree.chart.renderer.xy.StandardXYBarPainter	StandardXYBarPainter	low-medium	low	low-medium	low	3	42	18	1	0	23	73	72	0	0	6	0	0	0.0	0.593	0.0	1	0.0		
org.jfree.chart.renderer.xy.StandardXYItemRenderer	StandardXYItemRenderer	very-high	high	medium-high	high	21	308	82	3	1	100	329	296	10	7	34	0	2	0.92	0.896	0.821	3	0.176		
org.jfree.chart.renderer.xy.VectorRenderer	VectorRenderer	medium-high	medium-high	low-medium	medium-high	13	126	31	3	0	30	151	147	2	0	6	0	2	0.0	0.727	0.933	2	1.0		
org.jfree.chart.renderer.xy.WindItemRenderer	WindItemRenderer	low-medium	low-medium	low-medium	low	9	57	19	3	0	3	63	60	0	1	3	0	0	0.0	0.6	0.0	0	0.0		
org.jfree.chart.renderer.xy.XYAreaRenderer	XYAreaRenderer	very-high	medium-high	low-medium	high	20	224	76	3	1	70	287	265	7	6	22	0	2	0.887	0.879	0.732	1	0.273		
org.jfree.chart.renderer.xy.XYAreaRenderer2	XYAreaRenderer2	very-high	medium-high	low-medium	high	18	210	64	3	1	32	171	166	2	1	12	0	1	0.667	0.858	0.556	1	0.25		
org.jfree.chart.renderer.xy.XYBarPainter	XYBarPainter	low	low	low	low	2	2	0	1	2	2	6	2	0	0	2	0	0	0.0	0.071	0.0	0	0.0		
org.jfree.chart.renderer.xy.XYBarRenderer	XYBarRenderer	very-high	high	medium-high	very-high	25	352	100	3	2	133	455	429	13	3	40	4	4	0.918	0.906	0.869	4	0.3		
org.jfree.chart.renderer.xy.XYBlockRenderer	XYBlockRenderer	very-high	medium-high	low-medium	high	16	227	37	3	0	50	183	173	8	0	19	0	2	0.806	0.87	0.699	2	0.316		
org.jfree.chart.renderer.xy.XYBoxAndWhiskerRenderer	XYBoxAndWhiskerRenderer	very-high	medium-high	medium-high	high	20	234	74	3	0	69	325	318	4	1	23	0	1	0.754	0.826	0.767	5	0.13		
org.jfree.chart.renderer.xy.XYBubbleRenderer	XYBubbleRenderer	very-high	medium-high	low-medium	medium-high	14	227	50	3	0	31	145	138	1	4	7	0	1	0.95	0.753	0.857	2	0.429		
org.jfree.chart.renderer.xy.XYDifferenceRenderer	XYDifferenceRenderer	very-high	high	medium-high	high	22	290	84	3	0	115	575	567	5	1	25	0	2	0.756	0.824	0.804	2	0.24		
org.jfree.chart.renderer.xy.XYDotRenderer	XYDotRenderer	high	medium-high	low-medium	high	14	178	39	3	0	30	117	111	3	1	13	0	1	0.7	0.841	0.6	1	0.231		
org.jfree.chart.renderer.xy.XYErrorRenderer	XYErrorRenderer	very-high	medium-high	low-medium	high	14	309	29	4	0	37	149	142	5	1	17	0	2	0.726	0.875	0.638	1	0.471		
org.jfree.chart.renderer.xy.XYItemRenderer	XYItemRenderer	very-high	medium-high	very-high	very-high	17	132	0	1	20	132	141	132	0	0	132	0	0	0.0	0.902	0.0	0	0.0		
org.jfree.chart.renderer.xy.XYItemRendererState	XYItemRendererState	low-medium	low	low	low-medium	2	7	0	2	6	7	23	18	4	0	7	0	0	0.8	0.629	0.762	0	0.0		
org.jfree.chart.renderer.xy.XYLineAndShapeRenderer	XYLineAndShapeRenderer	very-high	medium-high	high	high	18	338	88	3	5	116	382	351	11	1	45	0	3	0.854	0.847	0.818	4	0.2		
org.jfree.chart.renderer.xy.XYShapeRenderer	XYShapeRenderer	very-high	medium-high	low-medium	high	20	221	50	3	0	54	188	178	7	1	25	0	3	0.806	0.891	0.784	3	0.36		
org.jfree.chart.renderer.xy.XYSplineRenderer	XYSplineRenderer	medium-high	medium-high	low-medium	medium-high	12	117	33	4	0	48	196	180	3	0	13	0	2	0.5	0.799	0.709	1	0.615		
org.jfree.chart.renderer.xy.XYStepAreaRenderer	XYStepAreaRenderer	high	medium-high	low-medium	high	12	162	41	3	0	69	212	199	7	4	19	1	0	0.903	0.84	0.836	2	0.0		
org.jfree.chart.renderer.xy.XYStepRenderer	XYStepRenderer	very-high	medium-high	low-medium	high	15	227	31	4	0	33	117	113	1	1	9	0	1	0.667	0.807	0.786	1	0.444		
org.jfree.chart.renderer.xy.YIntervalRenderer	YIntervalRenderer	very-high	medium-high	low-medium	medium-high	17	237	42	3	0	19	96	92	1	1	8	0	1	0.625	0.777	0.714	3	0.375		
<Package>org.jfree.chart.swing	org.jfree.chart.swing	medium-high	low-medium	medium-high	low						506	1918													
org.jfree.chart.swing.AbstractOverlay	AbstractOverlay	low	low	low	low	3	10	6	1	1	7	19	17	1	0	5	0	0	0.0	0.467	0.5	0	0.0		
org.jfree.chart.swing.ApplicationFrame	ApplicationFrame	medium-high	low	low	low	0	12	4	6	0	9	21	20	0	0	8	0	0	0.0	0.333	0.0	0	0.0		
org.jfree.chart.swing.ChartFrame	ChartFrame	medium-high	low	low	low	2	5	2	6	0	4	14	12	1	0	3	0	0	0.0	0.333	0.667	0	0.0		
org.jfree.chart.swing.ChartMouseEvent	ChartMouseEvent	low-medium	low	low	low	2	4	0	2	0	4	17	12	3	1	4	0	0	0.833	0.562	0.5	0	0.0		
org.jfree.chart.swing.ChartMouseListener	ChartMouseListener	low	low	low	low	1	2	0	1	0	2	3	2	0	0	2	0	0	0.0	0.0	0.0	0	0.0		
org.jfree.chart.swing.ChartPanel	ChartPanel	very-high	high	very-high	very-high	22	368	233	5	1	297	1218	1126	50	28	114	1	3	0.974	0.926	0.879	5	0.132		
org.jfree.chart.swing.CrosshairOverlay	CrosshairOverlay	medium-high	medium-high	low-medium	medium-high	13	148	74	2	0	87	286	282	2	0	20	0	0	0.4	0.785	0.5	4	0.0		
org.jfree.chart.swing.DefaultSelectionZoomStrategy	DefaultSelectionZoomStrategy	low-medium	low	low-medium	high	1	53	20	1	0	28	115	106	6	2	18	0	0	0.846	0.822	0.717	0	0.0		
org.jfree.chart.swing.MouseWheelHandler	MouseWheelHandler	low	low-medium	low	low	7	30	18	1	0	12	41	38	2	0	5	0	0	0.375	0.6	0.333	5	0.0		
org.jfree.chart.swing.NumberCellRenderer	NumberCellRenderer	medium-high	low	low	low	0	9	7	6	0	4	19	18	0	0	2	0	1	0.0	0.4	0.0	0	3.0		
org.jfree.chart.swing.Overlay	Overlay	low	low	low	low	2	3	0	1	1	3	4	3	0	0	3	0	0	0.0	0.417	0.0	0	0.0		
org.jfree.chart.swing.OverlayChangeEvent	OverlayChangeEvent	low-medium	low	low	low	0	1	0	2	0	1	3	2	0	0	1	0	0	0.0	0.0	0.0	0	0.0		
org.jfree.chart.swing.OverlayChangeListener	OverlayChangeListener	low	low	low	low	1	1	0	1	1	1	2	1	0	0	1	0	0	0.0	0.0	0.0	0	0.0		
org.jfree.chart.swing.PolarChartPanel	PolarChartPanel	very-high	low	low-medium	low-medium	4	218	24	6	0	19	85	79	0	3	7	0	0	0.0	0.619	1.0	1	0.0		
org.jfree.chart.swing.SelectionZoomStrategy	SelectionZoomStrategy	low	low	low	medium-high	0	15	0	1	1	15	16	15	0	0	15	0	0	0.0	0.775	0.0	0	0.0		
org.jfree.chart.swing.UIUtils	UIUtils	low	low	low-medium	low-medium	1	34	27	1	0	13	55	54	0	0	1	9	0	0.0	0.687	0.0	0	0.0		
<Package>org.jfree.chart.swing.editor	org.jfree.chart.swing.editor	low-medium	medium-high	medium-high	low						277	1360													
org.jfree.chart.swing.editor.ChartEditor	ChartEditor	low	low	low	low	1	1	0	1	1	1	2	1	0	0	1	0	0	0.0	0.0	0.0	0	0.0		
org.jfree.chart.swing.editor.ChartEditorFactory	ChartEditorFactory	low	low	low	low	2	1	0	1	1	1	2	1	0	0	1	0	0	0.0	0.0	0.0	0	0.0		
org.jfree.chart.swing.editor.ChartEditorManager	ChartEditorManager	low	low	low	low	4	6	2	1	0	4	10	8	0	1	1	3	0	0.0	0.5	0.0	0	0.0		
org.jfree.chart.swing.editor.DefaultAxisEditor	DefaultAxisEditor	medium-high	low-medium	low-medium	low	8	75	56	5	1	28	171	154	14	1	16	1	0	0.908	0.588	0.886	2	0.0		
org.jfree.chart.swing.editor.DefaultChartEditor	DefaultChartEditor	medium-high	low-medium	low-medium	low	8	125	34	5	0	11	111	104	4	1	8	0	0	0.733	0.542	0.667	2	0.0		
org.jfree.chart.swing.editor.DefaultChartEditorFactory	DefaultChartEditorFactory	low	low	low	low	3	2	0	1	0	2	5	4	0	0	2	0	0	0.0	0.25	0.0	0	0.0		
org.jfree.chart.swing.editor.DefaultLogAxisEditor	DefaultLogAxisEditor	medium-high	low	low-medium	low-medium	3	96	23	7	0	13	56	53	2	0	7	0	0	0.2	0.686	0.4	2	0.0		
org.jfree.chart.swing.editor.DefaultNumberAxisEditor	DefaultNumberAxisEditor	medium-high	low	low-medium	low-medium	4	97	28	7	0	13	67	63	2	0	7	0	1	0.3	0.686	0.467	2	1.0		
org.jfree.chart.swing.editor.DefaultPlotEditor	DefaultPlotEditor	medium-high	medium-high	low-medium	low	16	125	75	5	1	67	268	249	13	4	17	0	0	0.891	0.569	0.944	7	0.0		
org.jfree.chart.swing.editor.DefaultPolarPlotEditor	DefaultPolarPlotEditor	medium-high	low	low-medium	low-medium	5	103	26	6	0	17	79	73	4	0	9	0	1	0.5	0.667	0.619	2	0.667		
org.jfree.chart.swing.editor.DefaultTitleEditor	DefaultTitleEditor	medium-high	low-medium	low-medium	low-medium	7	63	42	5	0	19	117	106	8	1	10	0	0	0.792	0.675	0.679	3	0.0		
org.jfree.chart.swing.editor.DefaultValueAxisEditor	DefaultValueAxisEditor	medium-high	low-medium	low-medium	high	6	101	41	6	2	35	169	154	11	1	19	0	0	0.823	0.805	0.561	1	0.0		
org.jfree.chart.swing.editor.FontChooserPanel	FontChooserPanel	medium-high	low	low-medium	low	0	33	31	5	0	16	83	74	4	2	6	0	0	0.667	0.333	0.533	0	0.0		
org.jfree.chart.swing.editor.FontDisplayField	FontDisplayField	medium-high	low	low	low	0	9	7	6	0	5	18	14	1	1	4	0	0	0.75	0.125	0.667	0	0.0		
org.jfree.chart.swing.editor.LCBLayout	LCBLayout	low-medium	low	low-medium	low	0	16	8	1	0	28	108	100	5	2	8	0	0	0.19	0.55	0.786	0	0.0		
org.jfree.chart.swing.editor.PaintSample	PaintSample	medium-high	low	low	low	0	13	8	4	0	5	28	25	2	0	5	0	2	0.5	0.467	0.3	0	1.6		
org.jfree.chart.swing.editor.StrokeChooserPanel	StrokeChooserPanel	medium-high	low	low	low	1	11	8	5	0	4	18	16	1	0	3	0	0	0.0	0.333	0.0	1	0.0		
org.jfree.chart.swing.editor.StrokeSample	StrokeSample	medium-high	low	low	low-medium	0	18	13	4	0	8	48	45	2	0	6	0	2	0.5	0.69	0.533	0	1.333		
<Package>org.jfree.chart.text	org.jfree.chart.text	low-medium	low	low-medium	low						240	818													
org.jfree.chart.text.AttributedStringUtils	AttributedStringUtils	low	low	low	low	0	8	6	1	0	9	28	27	0	0	1	1	0	0.0	0.25	0.0	0	0.0		
org.jfree.chart.text.G2TextMeasurer	G2TextMeasurer	low	low	low	low	1	17	4	1	0	2	11	9	1	0	2	0	0	0.0	0.375	0.0	0	0.0		
org.jfree.chart.text.TextAnchor	TextAnchor	low-medium	low	low	low	0	8	0	2	0	8	41	25	0	15	8	0	0	0.857	0.0	0.464	0	0.0		
org.jfree.chart.text.TextBlock	TextBlock	low-medium	low-medium	low-medium	medium-high	7	78	17	1	0	37	100	96	2	1	14	0	0	0.667	0.779	0.577	1	0.0		
org.jfree.chart.text.TextBlockAnchor	TextBlockAnchor	low-medium	low	low	low	0	0	0	2	0	0	10	0	0	9	0	0	0	0.0	0.0	0.0	0	0.0		
org.jfree.chart.text.TextBox	TextBox	medium-high	low-medium	low-medium	high	6	136	28	1	0	48	147	137	8	1	25	0	0	0.758	0.871	0.632	1	0.0		
org.jfree.chart.text.TextFragment	TextFragment	low-medium	low	low-medium	medium-high	5	84	24	1	0	28	85	77	4	3	15	0	0	0.791	0.788	0.577	0	0.0		
org.jfree.chart.text.TextLine	TextLine	low-medium	low	low-medium	medium-high	4	72	18	1	0	24	75	72	1	1	13	0	0	0.545	0.777	0.167	1	0.0		
org.jfree.chart.text.TextMeasurer	TextMeasurer	low	low	low	low	0	1	0	1	1	1	2	1	0	0	1	0	0	0.0	0.0	0.0	0	0.0		
org.jfree.chart.text.TextUtils	TextUtils	medium-high	low-medium	medium-high	medium-high	6	88	69	1	0	83	319	315	0	3	1	22	0	0.708	0.711	0.922	1	0.0		
<Package>org.jfree.chart.text.format	org.jfree.chart.text.format	low	low	low-medium	low						81	298													
org.jfree.chart.text.format.HMSNumberFormat	HMSNumberFormat	low-medium	low	low	low	0	6	3	3	0	4	22	20	1	0	4	0	0	0.0	0.571	1.0	0	0.0		
org.jfree.chart.text.format.HexNumberFormat	HexNumberFormat	low-medium	low	low	low-medium	0	12	6	3	0	9	33	27	1	4	7	0	0	1.0	0.696	0.714	0	0.0		
org.jfree.chart.text.format.LogFormat	LogFormat	low-medium	low	low-medium	medium-high	1	18	8	3	0	20	71	64	6	0	11	0	0	0.619	0.745	0.6	0	0.0		
org.jfree.chart.text.format.RelativeDateFormat	RelativeDateFormat	low-medium	low	low-medium	high	1	43	19	3	0	48	172	156	12	2	28	0	0	0.854	0.829	0.775	0	0.0		
<Package>org.jfree.chart.title	org.jfree.chart.title	low-medium	low-medium	low-medium	low						221	753													
org.jfree.chart.title.CompositeTitle	CompositeTitle	medium-high	low-medium	low-medium	medium-high	10	124	24	3	0	18	61	57	2	1	13	0	2	0.63	0.792	0.6	1	0.462		
org.jfree.chart.title.DateTitle	DateTitle	medium-high	low	low	low	4	14	4	4	0	5	19	17	0	1	5	0	0	0.0	0.556	0.0	1	0.0		
org.jfree.chart.title.ImageTitle	ImageTitle	low-medium	low-medium	low-medium	medium-high	8	51	34	3	0	30	136	134	1	0	12	0	1	0.0	0.727	0.644	2	0.25		
org.jfree.chart.title.ShortTextTitle	ShortTextTitle	medium-high	low-medium	low-medium	low-medium	7	94	35	4	0	26	81	80	0	0	7	0	6	0.0	0.643	0.0	4	3.429		
org.jfree.chart.title.TextTitle	TextTitle	very-high	high	medium-high	high	22	236	60	3	2	105	333	317	10	3	36	0	1	0.846	0.883	0.831	4	0.083		
org.jfree.chart.title.Title	Title	low-medium	low-medium	low-medium	high	8	46	13	2	5	37	123	107	6	5	23	0	0	0.885	0.863	0.816	0	0.0		
<Package>org.jfree.chart.urls	org.jfree.chart.urls	low	medium-high	medium-high	low						130	413													
org.jfree.chart.urls.CategoryURLGenerator	CategoryURLGenerator	low	low	low	low	1	1	0	1	2	1	3	1	0	0	1	0	0	0.0	0.0	0.0	0	0.0		
org.jfree.chart.urls.CustomCategoryURLGenerator	CustomCategoryURLGenerator	low-medium	low	low-medium	low-medium	1	13	8	1	0	22	59	56	1	0	8	0	0	0.0	0.65	0.643	0	0.0		
org.jfree.chart.urls.CustomPieURLGenerator	CustomPieURLGenerator	low	low	low-medium	low-medium	1	20	16	1	0	20	62	58	1	1	8	0	1	0.583	0.667	0.25	0	0.125		
org.jfree.chart.urls.CustomXYURLGenerator	CustomXYURLGenerator	low-medium	low	low-medium	low-medium	1	15	10	1	0	22	59	55	1	1	8	0	0	0.625	0.65	0.643	0	0.0		
org.jfree.chart.urls.PieURLGenerator	PieURLGenerator	low	low	low	low	1	1	0	1	2	1	2	1	0	0	1	0	0	0.0	0.0	0.0	0	0.0		
org.jfree.chart.urls.StandardCategoryURLGenerator	StandardCategoryURLGenerator	low	low	low-medium	low-medium	2	15	8	1	0	17	65	59	3	1	7	0	0	0.438	0.657	0.524	0	0.0		
org.jfree.chart.urls.StandardPieURLGenerator	StandardPieURLGenerator	low	low	low	low-medium	2	11	5	1	0	14	48	43	3	1	6	0	0	0.375	0.639	0.8	0	0.0		
org.jfree.chart.urls.StandardXYURLGenerator	StandardXYURLGenerator	low	low	low	low	2	8	3	1	1	11	42	34	3	4	5	0	0	0.75	0.6	0.6	0	0.0		
org.jfree.chart.urls.StandardXYZURLGenerator	StandardXYZURLGenerator	low-medium	low	low	low	1	3	1	2	0	1	5	3	0	0	1	0	0	0.0	0.0	0.0	0	0.0		
org.jfree.chart.urls.TimeSeriesURLGenerator	TimeSeriesURLGenerator	low	low	low-medium	medium-high	2	17	9	1	0	19	64	58	4	1	8	0	0	0.633	0.729	0.464	0	0.0		
org.jfree.chart.urls.XYURLGenerator	XYURLGenerator	low	low	low	low	1	1	0	1	4	1	2	1	0	0	1	0	0	0.0	0.0	0.0	0	0.0		
org.jfree.chart.urls.XYZURLGenerator	XYZURLGenerator	low	low	low	low	1	1	0	1	1	1	2	1	0	0	1	0	0	0.0	0.0	0.0	0	0.0		
<Package>org.jfree.chart.util	org.jfree.chart.util	low	low	low-medium	low						140	558													
org.jfree.chart.util.AttrStringUtils	AttrStringUtils	low-medium	low	low-medium	low	2	32	27	1	0	32	141	140	0	0	1	15	0	0.0	0.545	0.0	0	0.0		
org.jfree.chart.util.DefaultShadowGenerator	DefaultShadowGenerator	low-medium	low	low-medium	medium-high	2	37	17	1	0	28	121	114	5	1	13	0	0	0.636	0.78	0.439	0	0.0		
org.jfree.chart.util.DirectionalGradientPaintTransformer	DirectionalGradientPaintTransformer	low	low	low	low	0	14	12	1	0	12	37	36	0	0	2	0	0	0.0	0.333	0.0	0	0.0		
org.jfree.chart.util.ExportUtils	ExportUtils	low	low	low-medium	low	2	17	13	1	0	13	79	78	0	0	0	6	0	0.0	0.25	0.0	0	0.0		
org.jfree.chart.util.GradientPaintTransformType	GradientPaintTransformType	low-medium	low	low	low	0	0	0	2	0	0	5	0	0	4	0	0	0	0.0	0.0	0.0	0	0.0		
org.jfree.chart.util.GradientPaintTransformer	GradientPaintTransformer	low	low	low	low	0	1	0	1	2	1	2	1	0	0	1	0	0	0.0	0.0	0.0	0	0.0		
org.jfree.chart.util.PaintAlpha	PaintAlpha	low-medium	low	low-medium	medium-high	0	55	53	1	0	28	97	94	0	2	0	8	0	0.667	0.778	0.667	0	0.0		
org.jfree.chart.util.ShadowGenerator	ShadowGenerator	low	low	low	low	0	3	0	1	1	3	4	3	0	0	3	0	0	0.0	0.333	0.0	0	0.0		
org.jfree.chart.util.StandardGradientPaintTransformer	StandardGradientPaintTransformer	low	low	low-medium	low-medium	1	19	12	1	0	16	57	52	1	1	7	0	0	0.625	0.686	0.524	0	0.0		
org.jfree.chart.util.StringUtils	StringUtils	low	low	low	low	0	7	3	1	0	7	15	14	0	0	1	3	0	0.0	0.25	0.0	0	0.0		
<Package>org.jfree.data	org.jfree.data	low-medium	medium-high	medium-high	low						472	1406													
org.jfree.data.ComparableObjectItem	ComparableObjectItem	low	low	low	low	1	13	6	1	5	13	39	34	2	1	8	0	0	0.611	0.594	0.4	0	0.0		
org.jfree.data.ComparableObjectSeries<K>	ComparableObjectSeries	medium-high	low	low-medium	medium-high	4	56	25	2	5	51	143	137	4	0	21	0	0	0.589	0.714	0.551	0	0.0		
org.jfree.data.DataUtils	DataUtils	low-medium	low	low-medium	low	4	29	12	1	0	32	89	88	0	0	0	9	0	0.0	0.511	0.0	0	0.0		
org.jfree.data.DefaultKeyedValue<K>	DefaultKeyedValue	low	low	low	low-medium	2	16	8	1	0	13	39	34	2	1	8	0	0	0.556	0.625	0.321	0	0.0		
org.jfree.data.DefaultKeyedValues<K>	DefaultKeyedValues	low-medium	low-medium	low-medium	medium-high	6	44	32	1	0	44	146	140	3	1	22	0	0	0.571	0.708	0.657	1	0.0		
org.jfree.data.DefaultKeyedValues2D<R,C>	DefaultKeyedValues2D	medium-high	low	low-medium	medium-high	4	64	38	1	0	57	186	179	4	1	23	0	0	0.624	0.727	0.522	0	0.0		
org.jfree.data.DomainInfo	DomainInfo	low	low	low	low	1	3	0	1	8	3	4	3	0	0	3	0	0	0.0	0.0	0.0	0	0.0		
org.jfree.data.DomainOrder	DomainOrder	low-medium	low	low	low	0	0	0	2	0	0	4	0	0	3	0	0	0	0.0	0.0	0.0	0	0.0		
org.jfree.data.ItemKey	ItemKey	low	low	low	low	0	1	0	1	3	1	2	1	0	0	1	0	0	0.0	0.0	0.0	0	0.0		
org.jfree.data.KeyToGroupMap<K,G>	KeyToGroupMap	low-medium	low	low-medium	low-medium	2	37	28	1	0	37	112	106	3	1	11	2	0	0.528	0.662	0.291	0	0.0		
org.jfree.data.KeyedObject<K>	KeyedObject	low	low	low	low	1	11	4	1	0	12	39	34	2	1	7	0	0	0.611	0.476	0.143	0	0.0		
org.jfree.data.KeyedObjects<K>	KeyedObjects	low-medium	low	low-medium	low	3	32	21	1	0	38	104	101	1	1	16	0	0	0.545	0.531	0.45	1	0.0		
org.jfree.data.KeyedObjects2D<R,C>	KeyedObjects2D	medium-high	low	low-medium	low-medium	3	47	31	1	0	57	178	172	3	1	22	0	0	0.544	0.618	0.459	0	0.0		
org.jfree.data.KeyedValue<K>	KeyedValue	low	low	low	low	0	1	0	1	2	1	2	1	0	0	1	0	0	0.0	0.0	0.0	0	0.0		
org.jfree.data.KeyedValueComparator	KeyedValueComparator	low	low	low-medium	low	4	10	6	1	0	18	55	52	2	0	4	0	0	0.333	0.562	0.167	0	0.0		
org.jfree.data.KeyedValueComparatorType	KeyedValueComparatorType	low-medium	low	low	low	0	0	0	2	0	0	3	0	0	2	0	0	0	0.0	0.0	0.0	0	0.0		
org.jfree.data.KeyedValues<K>	KeyedValues	low	low	low	low	0	4	0	1	2	4	5	4	0	0	4	0	0	0.0	0.417	0.0	0	0.0		
org.jfree.data.KeyedValues2D<R,C>	KeyedValues2D	low	low	low	low	0	7	0	1	2	7	9	7	0	0	7	0	0	0.0	0.536	0.0	0	0.0		
org.jfree.data.KeyedValues2DItemKey<R,C>	KeyedValues2DItemKey	low	low	low-medium	low-medium	3	18	10	1	0	13	54	49	2	0	8	0	0	0.143	0.7	0.036	0	0.0		
org.jfree.data.KeyedValuesItemKey<K>	KeyedValuesItemKey	low	low	low	low	2	12	6	1	0	9	35	32	1	0	6	0	0	0.0	0.556	0.0	0	0.0		
org.jfree.data.Range	Range	medium-high	low	low-medium	low-medium	1	28	15	1	1	52	138	134	2	1	13	10	0	0.424	0.609	0.658	0	0.0		
org.jfree.data.RangeInfo	RangeInfo	low	low	low	low	1	3	0	1	6	3	4	3	0	0	3	0	0	0.0	0.0	0.0	0	0.0		
org.jfree.data.RangeType	RangeType	low-medium	low	low	low	0	0	0	2	0	0	4	0	0	3	0	0	0	0.0	0.0	0.0	0	0.0		
org.jfree.data.UnknownKeyException	UnknownKeyException	medium-high	low	low	low	0	1	0	5	0	1	3	2	0	0	1	0	0	0.0	0.0	0.0	0	0.0		
org.jfree.data.Value	Value	low	low	low	low	0	1	0	1	2	1	2	1	0	0	1	0	0	0.0	0.0	0.0	0	0.0		
org.jfree.data.Values	Values	low	low	low	low	0	2	0	1	1	2	3	2	0	0	2	0	0	0.0	0.25	0.0	0	0.0		
org.jfree.data.Values2D	Values2D	low	low	low	low	0	3	0	1	1	3	4	3	0	0	3	0	0	0.0	0.333	0.0	0	0.0		
<Package>org.jfree.data.category	org.jfree.data.category	low-medium	low-medium	low-medium	low						209	605													
org.jfree.data.category.CategoryDataset<R,C>	CategoryDataset	low	low	low	low	0	0	0	1	7	0	2	0	0	0	0	0	0	0.0	0.0	0.0	0	0.0		
org.jfree.data.category.CategoryRangeInfo	CategoryRangeInfo	low	low	low	low	1	1	0	1	0	1	3	1	0	0	1	0	0	0.0	0.0	0.0	0	0.0		
org.jfree.data.category.CategoryToPieDataset	CategoryToPieDataset	low-medium	low	low-medium	medium-high	4	31	20	2	0	41	105	99	3	1	12	0	0	0.556	0.75	0.424	0	0.0		
org.jfree.data.category.DefaultCategoryDataset<R,C>	DefaultCategoryDataset	low-medium	low	low-medium	low-medium	1	91	38	2	1	35	102	97	1	1	25	0	0	0.525	0.691	0.3	0	0.0		
org.jfree.data.category.DefaultIntervalCategoryDataset	DefaultIntervalCategoryDataset	medium-high	low	medium-high	medium-high	4	49	23	3	0	92	280	274	4	0	31	2	0	0.638	0.719	0.756	0	0.0		
org.jfree.data.category.IntervalCategoryDataset<R,C>	IntervalCategoryDataset	low	low	low	low	0	4	0	1	2	4	6	4	0	0	4	0	0	0.0	0.375	0.0	0	0.0		
org.jfree.data.category.SlidingCategoryDataset<R,C>	SlidingCategoryDataset	low-medium	low	low-medium	medium-high	2	40	19	2	0	36	107	102	3	0	20	0	0	0.456	0.733	0.234	0	0.0		
<Package>org.jfree.data.flow	org.jfree.data.flow	low	low	low-medium	low						104	280													
org.jfree.data.flow.DefaultFlowDataset<K>	DefaultFlowDataset	low-medium	low	low-medium	medium-high	4	53	29	2	0	44	124	118	4	0	17	0	0	0.712	0.728	0.713	2	0.0		
org.jfree.data.flow.FlowDataset<K>	FlowDataset	low	low	low	low-medium	2	8	0	1	1	8	9	8	0	0	8	0	0	0.0	0.667	0.0	0	0.0		
org.jfree.data.flow.FlowDatasetUtils	FlowDatasetUtils	low-medium	low	low-medium	low	4	17	10	1	0	26	63	62	0	0	1	6	0	0.0	0.357	0.0	0	0.0		
org.jfree.data.flow.FlowKey<K>	FlowKey	low	low	low	low-medium	2	13	5	1	0	14	46	41	3	1	8	0	0	0.542	0.656	0.357	0	0.0		
org.jfree.data.flow.NodeKey<K>	NodeKey	low	low	low	low-medium	2	12	5	1	0	12	38	34	2	1	7	0	0	0.533	0.643	0.333	0	0.0		
<Package>org.jfree.data.function	org.jfree.data.function	low	low	low	low						37	120													
org.jfree.data.function.Function2D	Function2D	low	low	low	low	0	1	0	1	4	1	2	1	0	0	1	0	0	0.0	0.0	0.0	0	0.0		
org.jfree.data.function.LineFunction2D	LineFunction2D	low	low	low	low	1	8	1	1	0	9	29	26	2	0	6	0	0	0.2	0.5	0.067	0	0.0		
org.jfree.data.function.NormalDistributionFunction2D	NormalDistributionFunction2D	low	low	low	low	1	10	3	1	0	10	36	31	4	0	6	0	0	0.55	0.5	0.133	0	0.0		
org.jfree.data.function.PolynomialFunction2D	PolynomialFunction2D	low	low	low	low	2	11	4	1	0	8	24	22	1	0	6	0	0	0.0	0.5	0.0	0	0.0		
org.jfree.data.function.PowerFunction2D	PowerFunction2D	low	low	low	low	1	9	2	1	0	9	29	26	2	0	6	0	0	0.2	0.5	0.067	0	0.0		
<Package>org.jfree.data.gantt	org.jfree.data.gantt	low-medium	low-medium	low-medium	low						222	723													
org.jfree.data.gantt.GanttCategoryDataset<R,C>	GanttCategoryDataset	low	low	low	low	0	10	0	1	2	10	12	10	0	0	10	0	0	0.0	0.3	0.0	0	0.0		
org.jfree.data.gantt.SlidingGanttCategoryDataset	SlidingGanttCategoryDataset	medium-high	low	medium-high	low-medium	2	59	25	2	0	63	208	203	3	0	33	0	0	0.417	0.63	0.137	0	0.0		
org.jfree.data.gantt.Task	Task	low-medium	low	low-medium	high	3	25	10	1	0	22	66	60	4	1	16	0	0	0.717	0.806	0.65	0	0.0		
org.jfree.data.gantt.TaskSeries<K>	TaskSeries	low-medium	low	low-medium	medium-high	3	39	15	2	0	17	53	51	1	0	11	0	0	0.0	0.742	0.0	1	0.0		
org.jfree.data.gantt.TaskSeriesCollection<R,C>	TaskSeriesCollection	medium-high	low-medium	medium-high	medium-high	7	83	45	3	0	66	242	235	2	1	38	0	1	0.64	0.711	0.658	2	0.079		
org.jfree.data.gantt.XYTaskDataset	XYTaskDataset	medium-high	low-medium	medium-high	medium-high	7	68	29	4	0	44	142	137	3	0	31	0	2	0.621	0.742	0.737	1	0.258		
<Package>org.jfree.data.general	org.jfree.data.general	medium-high	medium-high	medium-high	low						540	1614													
org.jfree.data.general.AbstractDataset	AbstractDataset	low	low	low	medium-high	2	22	12	1	14	16	47	42	2	1	12	0	0	0.704	0.774	0.667	0	0.0		
org.jfree.data.general.AbstractSeriesDataset<S>	AbstractSeriesDataset	low-medium	low	low	low	1	10	4	2	3	7	20	16	0	1	5	0	0	0.0	0.6	0.0	0	0.0		
org.jfree.data.general.Dataset	Dataset	low	low	low	low	1	2	0	1	7	2	3	2	0	0	2	0	0	0.0	0.0	0.0	0	0.0		
org.jfree.data.general.DatasetChangeEvent	DatasetChangeEvent	low-medium	low	low	low	1	2	0	2	0	2	7	5	1	0	2	0	0	0.0	0.333	0.0	0	0.0		
org.jfree.data.general.DatasetChangeListener	DatasetChangeListener	low	low	low	low	1	1	0	1	6	1	2	1	0	0	1	0	0	0.0	0.0	0.0	0	0.0		
org.jfree.data.general.DatasetUtils	DatasetUtils	very-high	high	high	high	29	174	90	1	0	344	1069	1068	0	0	1	57	0	0.0	0.853	0.0	0	0.0		
org.jfree.data.general.DefaultHeatMapDataset	DefaultHeatMapDataset	low-medium	low	low-medium	low-medium	1	28	8	2	0	36	99	90	7	0	15	0	0	0.738	0.64	0.695	0	0.0		
org.jfree.data.general.DefaultKeyedValueDataset	DefaultKeyedValueDataset	low-medium	low	low-medium	low-medium	3	18	6	2	0	21	53	49	1	1	10	0	0	0.583	0.66	0.533	0	0.0		
org.jfree.data.general.DefaultKeyedValues2DDataset<R,C>	DefaultKeyedValues2DDataset	low-medium	low	low	low	0	0	0	3	0	0	4	0	0	1	0	0	0	0.0	0.0	0.0	0	0.0		
org.jfree.data.general.DefaultKeyedValuesDataset<K>	DefaultKeyedValuesDataset	low-medium	low	low	low	0	0	0	3	0	0	3	0	0	1	0	0	0	0.0	0.0	0.0	0	0.0		
org.jfree.data.general.DefaultPieDataset<K>	DefaultPieDataset	low-medium	low	low-medium	medium-high	5	71	30	2	1	29	85	81	1	1	19	0	0	0.533	0.75	0.298	1	0.0		
org.jfree.data.general.DefaultValueDataset	DefaultValueDataset	low-medium	low	low	low-medium	1	14	5	2	0	10	28	24	1	1	7	0	0	0.625	0.607	0.524	0	0.0		
org.jfree.data.general.HeatMapDataset	HeatMapDataset	low	low	low	low	0	10	0	1	1	10	11	10	0	0	10	0	0	0.0	0.3	0.0	0	0.0		
org.jfree.data.general.HeatMapUtils	HeatMapUtils	low	low-medium	low	low	6	50	11	1	0	7	33	32	0	0	0	3	0	0.0	0.267	0.0	0	0.0		
org.jfree.data.general.KeyedValueDataset	KeyedValueDataset	low	low	low	low	0	0	0	1	1	0	1	0	0	0	0	0	0	0.0	0.0	0.0	0	0.0		
org.jfree.data.general.KeyedValues2DDataset<R,C>	KeyedValues2DDataset	low	low	low	low	0	0	0	1	1	0	1	0	0	0	0	0	0	0.0	0.0	0.0	0	0.0		
org.jfree.data.general.KeyedValuesDataset<K>	KeyedValuesDataset	low	low	low	low	0	0	0	1	1	0	2	0	0	0	0	0	0	0.0	0.0	0.0	0	0.0		
org.jfree.data.general.PieDataset<K>	PieDataset	low	low	low	low	0	0	0	1	3	0	2	0	0	0	0	0	0	0.0	0.0	0.0	0	0.0		
org.jfree.data.general.Series<K>	Series	low	low	low-medium	medium-high	4	21	12	1	6	20	55	49	3	1	13	0	0	0.778	0.756	0.873	0	0.0		
org.jfree.data.general.SeriesChangeEvent	SeriesChangeEvent	low-medium	low	low	low	0	1	0	2	0	1	4	2	0	1	1	0	0	0.0	0.0	0.0	0	0.0		
org.jfree.data.general.SeriesChangeListener	SeriesChangeListener	low	low	low	low	1	1	0	1	2	1	2	1	0	0	1	0	0	0.0	0.0	0.0	0	0.0		
org.jfree.data.general.SeriesDataset<S>	SeriesDataset	low	low	low	low	0	3	0	1	2	3	4	3	0	0	3	0	0	0.0	0.444	0.0	0	0.0		
org.jfree.data.general.SeriesException	SeriesException	medium-high	low	low	low	0	1	0	4	0	1	4	2	0	1	1	0	0	0.0	0.0	0.0	0	0.0		
org.jfree.data.general.ValueDataset	ValueDataset	low	low	low	low	0	0	0	1	1	0	1	0	0	0	0	0	0	0.0	0.0	0.0	0	0.0		
org.jfree.data.general.WaferMapDataset	WaferMapDataset	low-medium	low	low-medium	low-medium	1	42	15	2	0	29	74	66	6	1	19	0	0	0.835	0.642	0.854	0	0.0		
<Package>org.jfree.data.io	org.jfree.data.io	low	low	low	low						16	70													
org.jfree.data.io.CSV	CSV	low	low	low-medium	low-medium	2	33	13	1	0	16	70	67	2	0	6	0	0	0.5	0.639	1.0	0	0.0		
<Package>org.jfree.data.json	org.jfree.data.json	low	low	low	low						16	74													
org.jfree.data.json.JSONUtils	JSONUtils	low	low	low-medium	low	4	43	12	1	0	16	74	73	0	0	0	4	0	0.0	0.375	0.0	0	0.0		
<Package>org.jfree.data.json.impl	org.jfree.data.json.impl	low	low	low	low						77	228													
org.jfree.data.json.impl.JSONArray	JSONArray	medium-high	low	low	low	1	39	13	4	0	13	50	47	0	1	3	2	0	0.0	0.4	0.0	0	0.0		
org.jfree.data.json.impl.JSONAware	JSONAware	low	low	low	low	0	1	0	1	2	1	2	1	0	0	1	0	0	0.0	0.0	0.0	0	0.0		
org.jfree.data.json.impl.JSONObject	JSONObject	low-medium	low	low-medium	low-medium	1	40	20	3	0	14	61	58	0	1	3	4	0	0.0	0.619	0.0	0	0.0		
org.jfree.data.json.impl.JSONStreamAware	JSONStreamAware	low	low	low	low	0	1	0	1	2	1	2	1	0	0	1	0	0	0.0	0.0	0.0	0	0.0		
org.jfree.data.json.impl.JSONValue	JSONValue	low-medium	low	low-medium	low	4	36	22	1	0	48	113	112	0	0	0	4	0	0.0	0.5	0.0	0	0.0		
<Package>org.jfree.data.resources	org.jfree.data.resources	low	low	low-medium	low						6	48													
org.jfree.data.resources.DataPackageResources	DataPackageResources	low-medium	low	low	low	0	1	0	3	0	1	8	3	0	1	1	0	0	0.0	0.0	0.0	0	0.0		
org.jfree.data.resources.DataPackageResources_de	DataPackageResources_de	low-medium	low	low	low	0	1	0	3	0	1	8	3	0	1	1	0	0	0.0	0.0	0.0	0	0.0		
org.jfree.data.resources.DataPackageResources_es	DataPackageResources_es	low-medium	low	low	low	0	1	0	3	0	1	8	3	0	1	1	0	0	0.0	0.0	0.0	0	0.0		
org.jfree.data.resources.DataPackageResources_fr	DataPackageResources_fr	low-medium	low	low	low	0	1	0	3	0	1	8	3	0	1	1	0	0	0.0	0.0	0.0	0	0.0		
org.jfree.data.resources.DataPackageResources_pl	DataPackageResources_pl	low-medium	low	low	low	0	1	0	3	0	1	8	3	0	1	1	0	0	0.0	0.0	0.0	0	0.0		
org.jfree.data.resources.DataPackageResources_ru	DataPackageResources_ru	low-medium	low	low	low	0	1	0	3	0	1	8	3	0	1	1	0	0	0.0	0.0	0.0	0	0.0		
<Package>org.jfree.data.statistics	org.jfree.data.statistics	medium-high	medium-high	medium-high	low						587	1959													
org.jfree.data.statistics.BoxAndWhiskerCalculator	BoxAndWhiskerCalculator	low-medium	low	low-medium	low	3	18	14	1	0	21	79	78	0	0	0	4	0	0.0	0.25	0.0	0	0.0		
org.jfree.data.statistics.BoxAndWhiskerCategoryDataset<R,C>	BoxAndWhiskerCategoryDataset	low	low	low	low	0	18	0	1	1	18	20	18	0	0	18	0	0	0.0	0.375	0.0	0	0.0		
org.jfree.data.statistics.BoxAndWhiskerItem	BoxAndWhiskerItem	low-medium	low	low-medium	medium-high	0	19	5	1	0	26	93	82	9	1	14	0	0	0.75	0.729	0.593	0	0.0		
org.jfree.data.statistics.BoxAndWhiskerXYDataset<S>	BoxAndWhiskerXYDataset	low	low	low	low	0	11	0	1	1	11	13	11	0	0	11	0	0	0.0	0.091	0.0	0	0.0		
org.jfree.data.statistics.DefaultBoxAndWhiskerCategoryDataset<R,C>	DefaultBoxAndWhiskerCategoryDataset	medium-high	low	high	medium-high	4	116	43	2	0	90	319	309	7	0	45	0	0	0.801	0.733	0.248	1	0.0		
org.jfree.data.statistics.DefaultBoxAndWhiskerXYDataset<S>	DefaultBoxAndWhiskerXYDataset	medium-high	low	low-medium	medium-high	4	52	21	4	0	49	177	166	8	0	28	0	0	0.84	0.768	0.646	1	0.0		
org.jfree.data.statistics.DefaultMultiValueCategoryDataset<R,C>	DefaultMultiValueCategoryDataset	low-medium	low	low-medium	medium-high	3	64	26	2	0	44	141	134	4	0	20	0	0	0.711	0.781	0.253	0	0.0		
org.jfree.data.statistics.DefaultStatisticalCategoryDataset<R,C>	DefaultStatisticalCategoryDataset	medium-high	low	low-medium	medium-high	4	90	37	2	0	86	280	264	13	0	30	0	0	0.818	0.754	0.367	1	0.0		
org.jfree.data.statistics.HistogramBin	HistogramBin	low	low	low	low	0	11	2	1	0	13	45	40	3	1	9	0	0	0.607	0.593	0.417	0	0.0		
org.jfree.data.statistics.HistogramDataset	HistogramDataset	medium-high	low	low-medium	low-medium	4	40	22	5	0	45	155	149	2	1	22	0	0	0.639	0.674	0.757	1	0.0		
org.jfree.data.statistics.HistogramType	HistogramType	low-medium	low	low	low	0	0	0	2	0	0	4	0	0	3	0	0	0	0.0	0.0	0.0	0	0.0		
org.jfree.data.statistics.MeanAndStandardDeviation	MeanAndStandardDeviation	low	low	low	low-medium	0	13	4	1	0	15	45	41	2	1	9	0	0	0.571	0.667	0.333	0	0.0		
org.jfree.data.statistics.MultiValueCategoryDataset<R,C>	MultiValueCategoryDataset	low	low	low	low	0	2	0	1	1	2	4	2	0	0	2	0	0	0.0	0.375	0.0	0	0.0		
org.jfree.data.statistics.Regression	Regression	low-medium	low	low-medium	low	2	15	10	1	0	37	183	182	0	0	0	6	0	0.0	0.375	0.0	0	0.0		
org.jfree.data.statistics.SimpleHistogramBin	SimpleHistogramBin	low-medium	low	low-medium	medium-high	0	15	3	1	0	35	92	84	5	1	12	0	0	0.574	0.722	0.485	0	0.0		
org.jfree.data.statistics.SimpleHistogramDataset<K>	SimpleHistogramDataset	medium-high	low-medium	low-medium	medium-high	7	59	26	5	0	44	130	123	3	1	28	0	7	0.683	0.745	0.762	1	1.25		
org.jfree.data.statistics.StatisticalCategoryDataset<R,C>	StatisticalCategoryDataset	low	low	low	low	0	4	0	1	1	4	6	4	0	0	4	0	0	0.0	0.375	0.0	0	0.0		
org.jfree.data.statistics.Statistics	Statistics	low-medium	low	low-medium	low	1	23	16	1	0	47	173	172	0	0	0	13	0	0.0	0.577	0.0	0	0.0		
<Package>org.jfree.data.time	org.jfree.data.time	medium-high	medium-high	medium-high	low						999	3390													
org.jfree.data.time.DateRange	DateRange	low-medium	low	low	low-medium	0	14	7	2	0	9	29	25	2	1	9	0	0	0.667	0.667	0.694	0	0.0		
org.jfree.data.time.Day	Day	low-medium	low	low-medium	high	2	54	25	2	0	33	137	124	3	5	23	1	0	0.908	0.819	0.577	0	0.0		
org.jfree.data.time.DynamicTimeSeriesCollection	DynamicTimeSeriesCollection	medium-high	low	high	medium-high	5	58	24	5	0	89	302	266	19	3	42	0	1	0.923	0.721	0.825	0	0.119		
org.jfree.data.time.FixedMillisecond	FixedMillisecond	low-medium	low	low-medium	medium-high	0	19	3	2	0	24	78	74	1	1	17	0	2	0.538	0.706	0.331	0	0.235		
org.jfree.data.time.Hour	Hour	low-medium	low	low-medium	high	2	62	31	2	0	38	147	139	4	3	23	1	0	0.786	0.819	0.536	0	0.0		
org.jfree.data.time.Millisecond	Millisecond	low-medium	low	low-medium	medium-high	4	63	27	2	0	36	147	137	6	3	19	0	0	0.692	0.783	0.684	2	0.0		
org.jfree.data.time.Minute	Minute	low-medium	low	low-medium	high	3	64	30	2	0	38	158	149	5	3	21	1	0	0.772	0.813	0.597	1	0.0		
org.jfree.data.time.Month	Month	low-medium	low	low-medium	high	4	53	24	2	0	50	172	166	4	1	21	3	0	0.689	0.81	0.481	1	0.0		
org.jfree.data.time.MovingAverage	MovingAverage	low-medium	low-medium	low-medium	low	8	93	25	1	0	33	122	121	0	0	0	6	0	0.0	0.537	0.0	2	0.0		
org.jfree.data.time.Quarter	Quarter	low-medium	low	low-medium	high	3	45	22	2	0	37	147	131	4	5	21	1	0	0.79	0.813	0.481	1	0.0		
org.jfree.data.time.RegularTimePeriod	RegularTimePeriod	low-medium	low	low-medium	medium-high	1	30	17	1	10	33	77	73	0	2	14	5	0	0.5	0.759	1.0	0	0.0		
org.jfree.data.time.Second	Second	low-medium	low	low-medium	high	4	66	30	2	0	41	146	137	5	3	19	1	0	0.692	0.806	0.747	1	0.0		
org.jfree.data.time.SimpleTimePeriod	SimpleTimePeriod	low	low	low-medium	low-medium	0	13	6	1	0	20	64	60	2	1	9	0	0	0.667	0.639	0.694	0	0.0		
org.jfree.data.time.TimePeriod	TimePeriod	low	low	low	low	0	2	0	1	2	2	3	2	0	0	2	0	0	0.0	0.0	0.0	0	0.0		
org.jfree.data.time.TimePeriodAnchor	TimePeriodAnchor	low-medium	low	low	low	0	0	0	2	0	0	4	0	0	3	0	0	0	0.0	0.0	0.0	0	0.0		
org.jfree.data.time.TimePeriodFormatException	TimePeriodFormatException	medium-high	low	low	low	0	1	0	5	0	1	3	2	0	0	1	0	0	0.0	0.0	0.0	0	0.0		
org.jfree.data.time.TimePeriodValue	TimePeriodValue	low	low	low	low-medium	2	14	7	1	0	18	47	43	2	1	9	0	0	0.6	0.667	0.639	0	0.0		
org.jfree.data.time.TimePeriodValues<S>	TimePeriodValues	low-medium	low	low-medium	medium-high	4	47	24	2	0	45	160	150	7	1	22	0	1	0.786	0.784	0.858	1	0.091		
org.jfree.data.time.TimePeriodValuesCollection	TimePeriodValuesCollection	medium-high	low-medium	low-medium	medium-high	7	59	35	5	0	42	153	148	2	1	23	0	0	0.619	0.739	0.675	4	0.0		
org.jfree.data.time.TimeSeries<S>	TimeSeries	very-high	low-medium	very-high	high	7	121	72	2	0	146	440	431	6	1	54	0	0	0.74	0.86	0.745	1	0.0		
org.jfree.data.time.TimeSeriesCollection<S>	TimeSeriesCollection	medium-high	low-medium	medium-high	high	10	107	50	5	0	72	237	229	3	1	38	0	2	0.667	0.863	0.68	3	0.263		
org.jfree.data.time.TimeSeriesDataItem	TimeSeriesDataItem	low	low	low	medium-high	2	17	9	1	0	16	46	41	2	1	9	0	0	0.6	0.704	0.639	0	0.0		
org.jfree.data.time.TimeSeriesTableModel	TimeSeriesTableModel	low-medium	low	low-medium	low-medium	3	39	9	2	0	28	82	76	4	0	11	0	4	0.625	0.682	0.873	0	0.727		
org.jfree.data.time.TimeTableXYDataset	TimeTableXYDataset	medium-high	low-medium	medium-high	high	8	104	40	5	0	52	162	155	4	0	33	0	3	0.65	0.815	0.73	1	0.455		
org.jfree.data.time.Week	Week	medium-high	low	low-medium	high	3	50	29	2	0	62	226	218	4	3	21	4	0	0.737	0.809	0.481	1	0.0		
org.jfree.data.time.Year	Year	low-medium	low	low-medium	medium-high	1	34	14	2	0	29	101	94	3	3	18	1	0	0.833	0.789	0.532	0	0.0		
<Package>org.jfree.data.time.ohlc	org.jfree.data.time.ohlc	low	low	low	low						73	231													
org.jfree.data.time.ohlc.OHLC	OHLC	low	low	low	low	1	9	1	1	0	13	42	37	4	0	7	0	0	0.5	0.571	0.286	0	0.0		
org.jfree.data.time.ohlc.OHLCItem	OHLCItem	low-medium	low	low	low	2	13	7	2	0	11	32	31	0	0	7	0	0	0.0	0.571	0.0	1	0.0		
org.jfree.data.time.ohlc.OHLCSeries<S>	OHLCSeries	low-medium	low	low	low-medium	4	37	14	3	0	8	24	23	0	0	6	0	0	0.0	0.639	0.0	0	0.0		
org.jfree.data.time.ohlc.OHLCSeriesCollection	OHLCSeriesCollection	medium-high	low-medium	low-medium	medium-high	9	77	38	4	0	41	133	129	2	0	28	0	1	0.471	0.702	0.687	1	0.143		
<Package>org.jfree.data.xml	org.jfree.data.xml	low	low-medium	low-medium	low						78	300													
org.jfree.data.xml.CategoryDatasetHandler	CategoryDatasetHandler	low-medium	low-medium	low	low	6	38	8	3	0	9	31	29	1	0	5	0	2	0.0	0.6	0.4	0	1.2		
org.jfree.data.xml.CategorySeriesHandler	CategorySeriesHandler	low-medium	low-medium	low	low	6	37	10	2	0	9	40	35	3	0	5	0	2	0.583	0.6	0.4	1	0.8		
org.jfree.data.xml.DatasetReader	DatasetReader	low	low	low	low	5	13	10	1	0	10	46	44	0	1	0	6	0	0.0	0.542	0.933	2	0.0		
org.jfree.data.xml.DatasetTags	DatasetTags	low	low	low	low	0	0	0	1	7	0	7	0	0	6	0	0	0	0.0	0.0	0.0	0	0.0		
org.jfree.data.xml.ItemHandler	ItemHandler	low-medium	low-medium	low	medium-high	7	28	5	2	0	11	45	40	4	0	7	0	2	0.625	0.714	0.381	0	0.571		
org.jfree.data.xml.KeyHandler	KeyHandler	low-medium	low	low	low-medium	5	17	11	2	0	9	37	33	3	0	6	0	3	0.583	0.69	0.667	0	1.0		
org.jfree.data.xml.PieDatasetHandler	PieDatasetHandler	low-medium	low	low	low	5	28	8	3	0	9	29	27	1	0	5	0	2	0.0	0.6	0.4	0	1.2		
org.jfree.data.xml.RootHandler	RootHandler	low-medium	low	low	low-medium	0	11	6	2	2	10	24	22	1	0	6	0	1	0.0	0.625	0.333	0	0.333		
org.jfree.data.xml.ValueHandler	ValueHandler	low-medium	low	low	low-medium	4	17	11	2	0	11	41	37	3	0	6	0	3	0.5	0.69	0.5	0	1.0		
<Package>org.jfree.data.xy	org.jfree.data.xy	medium-high	high	very-high	low						980	3072													
org.jfree.data.xy.AbstractIntervalXYDataset<S>	AbstractIntervalXYDataset	medium-high	low	low	low	0	9	5	4	14	8	31	28	0	0	4	0	0	0.0	0.0	0.0	0	0.0		
org.jfree.data.xy.AbstractXYDataset<S>	AbstractXYDataset	low-medium	low	low	low	1	6	3	3	10	5	19	17	0	0	3	0	0	0.0	0.167	0.0	0	0.0		
org.jfree.data.xy.AbstractXYZDataset<S>	AbstractXYZDataset	medium-high	low	low	low	0	3	2	4	2	2	9	7	0	0	1	0	0	0.0	0.0	0.0	0	0.0		
org.jfree.data.xy.CategoryTableXYDataset	CategoryTableXYDataset	medium-high	low	low-medium	medium-high	5	116	33	5	0	33	101	96	2	0	27	0	0	0.452	0.725	0.593	1	0.0		
org.jfree.data.xy.DefaultHighLowDataset	DefaultHighLowDataset	medium-high	low	low-medium	low-medium	1	23	10	4	0	34	115	106	7	0	18	1	0	0.771	0.658	0.871	0	0.0		
org.jfree.data.xy.DefaultIntervalXYDataset<S>	DefaultIntervalXYDataset	medium-high	low	low-medium	low-medium	4	40	20	5	0	38	154	149	2	0	20	0	6	0.346	0.63	0.563	0	1.5		
org.jfree.data.xy.DefaultOHLCDataset	DefaultOHLCDataset	medium-high	low	low-medium	low-medium	1	33	17	4	0	29	94	90	2	0	20	0	0	0.458	0.62	0.642	1	0.0		
org.jfree.data.xy.DefaultTableXYDataset<S>	DefaultTableXYDataset	medium-high	low-medium	medium-high	medium-high	8	137	57	5	0	69	212	203	5	0	36	0	1	0.693	0.792	0.642	3	0.139		
org.jfree.data.xy.DefaultWindDataset	DefaultWindDataset	medium-high	low	low-medium	low	2	25	15	4	0	28	92	88	2	0	12	1	0	0.375	0.6	0.603	1	0.0		
org.jfree.data.xy.DefaultXYDataset<S>	DefaultXYDataset	medium-high	low	low-medium	low-medium	4	31	17	4	0	30	109	104	2	0	15	0	3	0.273	0.653	0.448	0	0.8		
org.jfree.data.xy.DefaultXYZDataset<S>	DefaultXYZDataset	medium-high	low	low-medium	low-medium	4	34	18	5	0	30	119	115	2	0	17	0	4	0.25	0.647	0.463	0	1.176		
org.jfree.data.xy.IntervalXYDataset<S>	IntervalXYDataset	low	low	low	low	0	8	0	1	15	8	9	8	0	0	8	0	0	0.0	0.0	0.0	0	0.0		
org.jfree.data.xy.IntervalXYDelegate	IntervalXYDelegate	low-medium	low-medium	low-medium	medium-high	6	43	20	1	0	43	127	119	5	1	22	0	0	0.765	0.753	0.716	1	0.0		
org.jfree.data.xy.IntervalXYZDataset<S>	IntervalXYZDataset	low	low	low	low	0	6	0	1	0	6	8	6	0	0	6	0	0	0.0	0.0	0.0	0	0.0		
org.jfree.data.xy.MatrixSeries<K>	MatrixSeries	low-medium	low	low-medium	low-medium	0	18	8	2	1	20	51	47	1	1	11	0	0	0.6	0.636	0.727	0	0.0		
org.jfree.data.xy.MatrixSeriesCollection<S>	MatrixSeriesCollection	medium-high	low	low-medium	low	4	53	22	5	0	23	77	72	1	1	16	0	0	0.542	0.578	0.35	1	0.0		
org.jfree.data.xy.NormalizedMatrixSeries	NormalizedMatrixSeries	low-medium	low	low	low	0	17	5	3	0	6	27	23	2	1	6	0	1	0.733	0.5	0.4	0	0.5		
org.jfree.data.xy.OHLCDataItem	OHLCDataItem	low	low	low-medium	low-medium	1	13	4	1	0	17	54	46	6	1	9	0	0	0.804	0.639	0.583	0	0.0		
org.jfree.data.xy.OHLCDataset	OHLCDataset	low	low	low	low	0	10	0	1	3	10	11	10	0	0	10	0	0	0.0	0.0	0.0	0	0.0		
org.jfree.data.xy.TableXYDataset<S>	TableXYDataset	low	low	low	low	0	1	0	1	3	1	2	1	0	0	1	0	0	0.0	0.0	0.0	0	0.0		
org.jfree.data.xy.Vector	Vector	low	low	low	low	0	10	3	1	0	11	34	31	2	0	7	0	0	0.167	0.571	0.048	0	0.0		
org.jfree.data.xy.VectorDataItem	VectorDataItem	low-medium	low	low	low	2	12	6	2	0	8	23	22	0	0	6	0	0	0.0	0.417	0.0	2	0.0		
org.jfree.data.xy.VectorSeries<S>	VectorSeries	low-medium	low	low	low-medium	3	37	10	3	0	10	29	28	0	0	10	0	1	0.0	0.633	0.0	0	0.3		
org.jfree.data.xy.VectorSeriesCollection<S>	VectorSeriesCollection	medium-high	low-medium	low-medium	low	6	60	25	4	0	22	83	79	1	0	18	0	2	0.0	0.556	0.405	1	0.444		
org.jfree.data.xy.VectorXYDataset<S>	VectorXYDataset	low	low	low	low	1	3	0	1	1	3	4	3	0	0	3	0	0	0.0	0.0	0.0	0	0.0		
org.jfree.data.xy.WindDataItem	WindDataItem	low	low	low	low	0	8	2	1	0	14	40	36	3	0	6	0	0	0.533	0.5	0.333	0	0.0		
org.jfree.data.xy.WindDataset<S>	WindDataset	low	low	low	low	0	2	0	1	1	2	3	2	0	0	2	0	0	0.0	0.0	0.0	0	0.0		
org.jfree.data.xy.XIntervalDataItem	XIntervalDataItem	low-medium	low	low	low	1	10	5	2	0	8	23	22	0	0	5	0	0	0.0	0.4	0.0	1	0.0		
org.jfree.data.xy.XIntervalSeries<S>	XIntervalSeries	low-medium	low	low	low-medium	2	35	8	3	0	9	26	24	0	0	9	0	0	0.0	0.63	0.0	0	0.0		
org.jfree.data.xy.XIntervalSeriesCollection<S>	XIntervalSeriesCollection	medium-high	low	low-medium	low-medium	5	68	29	5	0	27	100	96	1	0	22	0	3	0.0	0.697	0.368	1	0.682		
org.jfree.data.xy.XYBarDataset<S>	XYBarDataset	medium-high	low	low-medium	low-medium	3	37	14	5	0	29	91	86	2	0	22	0	6	0.417	0.689	0.45	0	1.364		
org.jfree.data.xy.XYCoordinate	XYCoordinate	low	low	low	low	0	9	1	1	0	17	50	47	2	0	8	0	0	0.167	0.542	0.286	0	0.0		
org.jfree.data.xy.XYDataItem	XYDataItem	low-medium	low	low-medium	medium-high	1	21	12	1	0	22	66	62	2	1	13	0	0	0.625	0.708	0.654	0	0.0		
org.jfree.data.xy.XYDataset<S>	XYDataset	low	low	low	low	1	6	0	1	11	6	7	6	0	0	6	0	0	0.0	0.083	0.0	0	0.0		
org.jfree.data.xy.XYDatasetTableModel	XYDatasetTableModel	low-medium	low	low	low-medium	2	18	9	2	0	17	48	45	1	0	10	0	2	0.0	0.64	0.667	0	0.4		
org.jfree.data.xy.XYDomainInfo<S>	XYDomainInfo	low	low	low	low	1	1	0	1	1	1	2	1	0	0	1	0	0	0.0	0.0	0.0	0	0.0		
org.jfree.data.xy.XYInterval	XYInterval	low	low	low	low	0	7	0	1	0	14	41	35	5	0	7	0	0	0.667	0.571	0.476	0	0.0		
org.jfree.data.xy.XYIntervalDataItem	XYIntervalDataItem	low-medium	low	low	low	1	14	7	2	0	12	36	35	0	0	7	0	0	0.0	0.429	0.0	1	0.0		
org.jfree.data.xy.XYIntervalSeries<S>	XYIntervalSeries	low-medium	low	low	low-medium	2	41	10	3	0	11	33	31	0	0	11	0	0	0.0	0.636	0.0	0	0.0		
org.jfree.data.xy.XYIntervalSeriesCollection<S>	XYIntervalSeriesCollection	medium-high	low	low-medium	low	4	73	30	5	0	28	95	91	1	0	22	0	5	0.0	0.545	0.545	1	1.136		
org.jfree.data.xy.XYItemKey<S>	XYItemKey	low	low	low-medium	low-medium	2	16	8	1	0	13	51	47	2	0	8	0	0	0.143	0.7	0.036	0	0.0		
org.jfree.data.xy.XYRangeInfo	XYRangeInfo	low	low	low	low	1	1	0	1	1	1	2	1	0	0	1	0	0	0.0	0.0	0.0	0	0.0		
org.jfree.data.xy.XYSeries<K>	XYSeries	high	low	high	medium-high	4	93	51	2	0	104	304	293	8	1	45	0	0	0.769	0.764	0.827	1	0.0		
org.jfree.data.xy.XYSeriesCollection<S>	XYSeriesCollection	medium-high	low-medium	medium-high	high	10	121	55	5	0	82	257	250	2	1	39	0	1	0.642	0.826	0.671	3	0.128		
org.jfree.data.xy.XYZDataset<S>	XYZDataset	low	low	low	low	0	2	0	1	4	2	3	2	0	0	2	0	0	0.0	0.0	0.0	0	0.0		
org.jfree.data.xy.XisSymbolic	XisSymbolic	low	low	low	low	0	3	0	1	0	3	4	3	0	0	3	0	0	0.0	0.444	0.0	0	0.0		
org.jfree.data.xy.YInterval	YInterval	low	low	low	low	0	5	0	1	0	10	28	24	3	0	5	0	0	0.5	0.533	0.3	0	0.0		
org.jfree.data.xy.YIntervalDataItem	YIntervalDataItem	low-medium	low	low	low	1	10	5	2	0	8	23	22	0	0	5	0	0	0.0	0.4	0.0	1	0.0		
org.jfree.data.xy.YIntervalSeries<S>	YIntervalSeries	low-medium	low	low	low-medium	2	35	8	3	0	9	25	24	0	0	9	0	0	0.0	0.63	0.0	0	0.0		
org.jfree.data.xy.YIntervalSeriesCollection<S>	YIntervalSeriesCollection	medium-high	low	low-medium	low	4	65	23	5	0	24	88	84	1	0	20	0	3	0.0	0.55	0.368	1	0.75		
org.jfree.data.xy.YWithXInterval	YWithXInterval	low	low	low	low	0	5	0	1	0	10	28	24	3	0	5	0	0	0.5	0.533	0.3	0	0.0		
org.jfree.data.xy.YisSymbolic	YisSymbolic	low	low	low	low	0	3	0	1	0	3	4	3	0	0	3	0	0	0.0	0.444	0.0	0	0.0		
