id:ID;name;type;:LABEL
B1;B1;broker;Broker
B2;B2;broker;Broker
B3;B3;broker;Broker
B4;B4;broker;Broker
B5;B5;broker;Broker
B6;B6;broker;Broker
B7;B7;broker;Broker
B8;B8;broker;Broker
B9;B9;broker;Broker
B10;B10;broker;Broker
B11;B11;broker;Broker
B12;B12;broker;Broker
B13;B13;broker;Broker
B14;B14;broker;Broker
B15;B15;broker;Broker
B16;B16;broker;Broker
B17;B17;broker;Broker
B18;B18;broker;Broker
B19;B19;broker;Broker
B20;B20;broker;Broker
P1;P1;producer;Producer
P2;P2;producer;Producer
P3;P3;producer;Producer
P4;P4;producer;Producer
P5;P5;producer;Producer
P6;P6;producer;Producer
P7;P7;producer;Producer
P8;P8;producer;Producer
P9;P9;producer;Producer
P10;P10;producer;Producer
P11;P11;producer;Producer
P12;P12;producer;Producer
P13;P13;producer;Producer
P14;P14;producer;Producer
P15;P15;producer;Producer
P16;P16;producer;Producer
P17;P17;producer;Producer
P18;P18;producer;Producer
P19;P19;producer;Producer
P20;P20;producer;Producer
P21;P21;producer;Producer
P22;P22;producer;Producer
P23;P23;producer;Producer
P24;P24;producer;Producer
P25;P25;producer;Producer
P26;P26;producer;Producer
P27;P27;producer;Producer
P28;P28;producer;Producer
P29;P29;producer;Producer
P30;P30;producer;Producer
P31;P31;producer;Producer
P32;P32;producer;Producer
P33;P33;producer;Producer
P34;P34;producer;Producer
P35;P35;producer;Producer
P36;P36;producer;Producer
P37;P37;producer;Producer
P38;P38;producer;Producer
P39;P39;producer;Producer
P40;P40;producer;Producer
P41;P41;producer;Producer
P42;P42;producer;Producer
P43;P43;producer;Producer
P44;P44;producer;Producer
P45;P45;producer;Producer
P46;P46;producer;Producer
P47;P47;producer;Producer
P48;P48;producer;Producer
P49;P49;producer;Producer
P50;P50;producer;Producer
P51;P51;producer;Producer
P52;P52;producer;Producer
P53;P53;producer;Producer
P54;P54;producer;Producer
P55;P55;producer;Producer
P56;P56;producer;Producer
P57;P57;producer;Producer
P58;P58;producer;Producer
P59;P59;producer;Producer
P60;P60;producer;Producer
P61;P61;producer;Producer
P62;P62;producer;Producer
P63;P63;producer;Producer
P64;P64;producer;Producer
P65;P65;producer;Producer
P66;P66;producer;Producer
P67;P67;producer;Producer
P68;P68;producer;Producer
P69;P69;producer;Producer
P70;P70;producer;Producer
P71;P71;producer;Producer
P72;P72;producer;Producer
P73;P73;producer;Producer
P74;P74;producer;Producer
P75;P75;producer;Producer
P76;P76;producer;Producer
P77;P77;producer;Producer
P78;P78;producer;Producer
P79;P79;producer;Producer
P80;P80;producer;Producer
P81;P81;producer;Producer
P82;P82;producer;Producer
P83;P83;producer;Producer
P84;P84;producer;Producer
P85;P85;producer;Producer
P86;P86;producer;Producer
P87;P87;producer;Producer
P88;P88;producer;Producer
P89;P89;producer;Producer
P90;P90;producer;Producer
P91;P91;producer;Producer
P92;P92;producer;Producer
P93;P93;producer;Producer
P94;P94;producer;Producer
P95;P95;producer;Producer
P96;P96;producer;Producer
P97;P97;producer;Producer
P98;P98;producer;Producer
P99;P99;producer;Producer
P100;P100;producer;Producer
C1;C1;consumer;Consumer
C2;C2;consumer;Consumer
C3;C3;consumer;Consumer
C4;C4;consumer;Consumer
C5;C5;consumer;Consumer
C6;C6;consumer;Consumer
C7;C7;consumer;Consumer
C8;C8;consumer;Consumer
C9;C9;consumer;Consumer
C10;C10;consumer;Consumer
C11;C11;consumer;Consumer
C12;C12;consumer;Consumer
C13;C13;consumer;Consumer
C14;C14;consumer;Consumer
C15;C15;consumer;Consumer
C16;C16;consumer;Consumer
C17;C17;consumer;Consumer
C18;C18;consumer;Consumer
C19;C19;consumer;Consumer
C20;C20;consumer;Consumer
C21;C21;consumer;Consumer
C22;C22;consumer;Consumer
C23;C23;consumer;Consumer
C24;C24;consumer;Consumer
C25;C25;consumer;Consumer
C26;C26;consumer;Consumer
C27;C27;consumer;Consumer
C28;C28;consumer;Consumer
C29;C29;consumer;Consumer
C30;C30;consumer;Consumer
C31;C31;consumer;Consumer
C32;C32;consumer;Consumer
C33;C33;consumer;Consumer
C34;C34;consumer;Consumer
C35;C35;consumer;Consumer
C36;C36;consumer;Consumer
C37;C37;consumer;Consumer
C38;C38;consumer;Consumer
C39;C39;consumer;Consumer
C40;C40;consumer;Consumer
C41;C41;consumer;Consumer
C42;C42;consumer;Consumer
C43;C43;consumer;Consumer
C44;C44;consumer;Consumer
C45;C45;consumer;Consumer
C46;C46;consumer;Consumer
C47;C47;consumer;Consumer
C48;C48;consumer;Consumer
C49;C49;consumer;Consumer
C50;C50;consumer;Consumer
C51;C51;consumer;Consumer
C52;C52;consumer;Consumer
C53;C53;consumer;Consumer
C54;C54;consumer;Consumer
C55;C55;consumer;Consumer
C56;C56;consumer;Consumer
C57;C57;consumer;Consumer
C58;C58;consumer;Consumer
C59;C59;consumer;Consumer
C60;C60;consumer;Consumer
C61;C61;consumer;Consumer
C62;C62;consumer;Consumer
C63;C63;consumer;Consumer
C64;C64;consumer;Consumer
C65;C65;consumer;Consumer
C66;C66;consumer;Consumer
C67;C67;consumer;Consumer
C68;C68;consumer;Consumer
C69;C69;consumer;Consumer
C70;C70;consumer;Consumer
C71;C71;consumer;Consumer
C72;C72;consumer;Consumer
C73;C73;consumer;Consumer
C74;C74;consumer;Consumer
C75;C75;consumer;Consumer
C76;C76;consumer;Consumer
C77;C77;consumer;Consumer
C78;C78;consumer;Consumer
C79;C79;consumer;Consumer
C80;C80;consumer;Consumer
C81;C81;consumer;Consumer
C82;C82;consumer;Consumer
C83;C83;consumer;Consumer
C84;C84;consumer;Consumer
C85;C85;consumer;Consumer
C86;C86;consumer;Consumer
C87;C87;consumer;Consumer
C88;C88;consumer;Consumer
C89;C89;consumer;Consumer
C90;C90;consumer;Consumer
C91;C91;consumer;Consumer
C92;C92;consumer;Consumer
C93;C93;consumer;Consumer
C94;C94;consumer;Consumer
C95;C95;consumer;Consumer
C96;C96;consumer;Consumer
C97;C97;consumer;Consumer
C98;C98;consumer;Consumer
C99;C99;consumer;Consumer
C100;C100;consumer;Consumer
T1;T1;topic;Topic
T2;T2;topic;Topic
T3;T3;topic;Topic
T4;T4;topic;Topic
T5;T5;topic;Topic
T6;T6;topic;Topic
T7;T7;topic;Topic
T8;T8;topic;Topic
T9;T9;topic;Topic
T10;T10;topic;Topic
T11;T11;topic;Topic
T12;T12;topic;Topic
T13;T13;topic;Topic
T14;T14;topic;Topic
T15;T15;topic;Topic
T16;T16;topic;Topic
T17;T17;topic;Topic
T18;T18;topic;Topic
T19;T19;topic;Topic
T20;T20;topic;Topic
T21;T21;topic;Topic
T22;T22;topic;Topic
T23;T23;topic;Topic
T24;T24;topic;Topic
T25;T25;topic;Topic
T26;T26;topic;Topic
T27;T27;topic;Topic
T28;T28;topic;Topic
T29;T29;topic;Topic
T30;T30;topic;Topic
T31;T31;topic;Topic
T32;T32;topic;Topic
T33;T33;topic;Topic
T34;T34;topic;Topic
T35;T35;topic;Topic
T36;T36;topic;Topic
T37;T37;topic;Topic
T38;T38;topic;Topic
T39;T39;topic;Topic
T40;T40;topic;Topic
T41;T41;topic;Topic
T42;T42;topic;Topic
T43;T43;topic;Topic
T44;T44;topic;Topic
T45;T45;topic;Topic
T46;T46;topic;Topic
T47;T47;topic;Topic
T48;T48;topic;Topic
T49;T49;topic;Topic
T50;T50;topic;Topic
T51;T51;topic;Topic
T52;T52;topic;Topic
T53;T53;topic;Topic
T54;T54;topic;Topic
T55;T55;topic;Topic
T56;T56;topic;Topic
T57;T57;topic;Topic
T58;T58;topic;Topic
T59;T59;topic;Topic
T60;T60;topic;Topic
T61;T61;topic;Topic
T62;T62;topic;Topic
T63;T63;topic;Topic
T64;T64;topic;Topic
T65;T65;topic;Topic
T66;T66;topic;Topic
T67;T67;topic;Topic
T68;T68;topic;Topic
T69;T69;topic;Topic
T70;T70;topic;Topic
T71;T71;topic;Topic
T72;T72;topic;Topic
T73;T73;topic;Topic
T74;T74;topic;Topic
T75;T75;topic;Topic
T76;T76;topic;Topic
T77;T77;topic;Topic
T78;T78;topic;Topic
T79;T79;topic;Topic
T80;T80;topic;Topic
T81;T81;topic;Topic
T82;T82;topic;Topic
T83;T83;topic;Topic
T84;T84;topic;Topic
T85;T85;topic;Topic
T86;T86;topic;Topic
T87;T87;topic;Topic
T88;T88;topic;Topic
T89;T89;topic;Topic
T90;T90;topic;Topic
T91;T91;topic;Topic
T92;T92;topic;Topic
T93;T93;topic;Topic
T94;T94;topic;Topic
T95;T95;topic;Topic
T96;T96;topic;Topic
T97;T97;topic;Topic
T98;T98;topic;Topic
T99;T99;topic;Topic
T100;T100;topic;Topic
T101;T101;topic;Topic
T102;T102;topic;Topic
T103;T103;topic;Topic
T104;T104;topic;Topic
T105;T105;topic;Topic
T106;T106;topic;Topic
T107;T107;topic;Topic
T108;T108;topic;Topic
T109;T109;topic;Topic
T110;T110;topic;Topic
T111;T111;topic;Topic
T112;T112;topic;Topic
T113;T113;topic;Topic
T114;T114;topic;Topic
T115;T115;topic;Topic
T116;T116;topic;Topic
T117;T117;topic;Topic
T118;T118;topic;Topic
T119;T119;topic;Topic
T120;T120;topic;Topic
T121;T121;topic;Topic
T122;T122;topic;Topic
T123;T123;topic;Topic
T124;T124;topic;Topic
T125;T125;topic;Topic
T126;T126;topic;Topic
T127;T127;topic;Topic
T128;T128;topic;Topic
T129;T129;topic;Topic
T130;T130;topic;Topic
T131;T131;topic;Topic
T132;T132;topic;Topic
T133;T133;topic;Topic
T134;T134;topic;Topic
T135;T135;topic;Topic
T136;T136;topic;Topic
T137;T137;topic;Topic
T138;T138;topic;Topic
T139;T139;topic;Topic
T140;T140;topic;Topic
T141;T141;topic;Topic
T142;T142;topic;Topic
T143;T143;topic;Topic
T144;T144;topic;Topic
T145;T145;topic;Topic
T146;T146;topic;Topic
T147;T147;topic;Topic
T148;T148;topic;Topic
T149;T149;topic;Topic
T150;T150;topic;Topic
T151;T151;topic;Topic
T152;T152;topic;Topic
T153;T153;topic;Topic
T154;T154;topic;Topic
T155;T155;topic;Topic
T156;T156;topic;Topic
T157;T157;topic;Topic
T158;T158;topic;Topic
T159;T159;topic;Topic
T160;T160;topic;Topic
T161;T161;topic;Topic
T162;T162;topic;Topic
T163;T163;topic;Topic
T164;T164;topic;Topic
T165;T165;topic;Topic
T166;T166;topic;Topic
T167;T167;topic;Topic
T168;T168;topic;Topic
T169;T169;topic;Topic
T170;T170;topic;Topic
T171;T171;topic;Topic
T172;T172;topic;Topic
T173;T173;topic;Topic
T174;T174;topic;Topic
T175;T175;topic;Topic
T176;T176;topic;Topic
T177;T177;topic;Topic
T178;T178;topic;Topic
T179;T179;topic;Topic
T180;T180;topic;Topic
T181;T181;topic;Topic
T182;T182;topic;Topic
T183;T183;topic;Topic
T184;T184;topic;Topic
T185;T185;topic;Topic
T186;T186;topic;Topic
T187;T187;topic;Topic
T188;T188;topic;Topic
T189;T189;topic;Topic
T190;T190;topic;Topic
T191;T191;topic;Topic
T192;T192;topic;Topic
T193;T193;topic;Topic
T194;T194;topic;Topic
T195;T195;topic;Topic
T196;T196;topic;Topic
T197;T197;topic;Topic
T198;T198;topic;Topic
T199;T199;topic;Topic
T200;T200;topic;Topic
T201;T201;topic;Topic
T202;T202;topic;Topic
T203;T203;topic;Topic
T204;T204;topic;Topic
T205;T205;topic;Topic
T206;T206;topic;Topic
T207;T207;topic;Topic
T208;T208;topic;Topic
T209;T209;topic;Topic
T210;T210;topic;Topic
T211;T211;topic;Topic
T212;T212;topic;Topic
T213;T213;topic;Topic
T214;T214;topic;Topic
T215;T215;topic;Topic
T216;T216;topic;Topic
T217;T217;topic;Topic
T218;T218;topic;Topic
T219;T219;topic;Topic
T220;T220;topic;Topic
T221;T221;topic;Topic
T222;T222;topic;Topic
T223;T223;topic;Topic
T224;T224;topic;Topic
T225;T225;topic;Topic
T226;T226;topic;Topic
T227;T227;topic;Topic
T228;T228;topic;Topic
T229;T229;topic;Topic
T230;T230;topic;Topic
T231;T231;topic;Topic
T232;T232;topic;Topic
T233;T233;topic;Topic
T234;T234;topic;Topic
T235;T235;topic;Topic
T236;T236;topic;Topic
T237;T237;topic;Topic
T238;T238;topic;Topic
T239;T239;topic;Topic
T240;T240;topic;Topic
T241;T241;topic;Topic
T242;T242;topic;Topic
T243;T243;topic;Topic
T244;T244;topic;Topic
T245;T245;topic;Topic
T246;T246;topic;Topic
T247;T247;topic;Topic
T248;T248;topic;Topic
T249;T249;topic;Topic
T250;T250;topic;Topic
T251;T251;topic;Topic
T252;T252;topic;Topic
T253;T253;topic;Topic
T254;T254;topic;Topic
T255;T255;topic;Topic
T256;T256;topic;Topic
T257;T257;topic;Topic
T258;T258;topic;Topic
T259;T259;topic;Topic
T260;T260;topic;Topic
T261;T261;topic;Topic
T262;T262;topic;Topic
T263;T263;topic;Topic
T264;T264;topic;Topic
T265;T265;topic;Topic
T266;T266;topic;Topic
T267;T267;topic;Topic
T268;T268;topic;Topic
T269;T269;topic;Topic
T270;T270;topic;Topic
T271;T271;topic;Topic
T272;T272;topic;Topic
T273;T273;topic;Topic
T274;T274;topic;Topic
T275;T275;topic;Topic
T276;T276;topic;Topic
T277;T277;topic;Topic
T278;T278;topic;Topic
T279;T279;topic;Topic
T280;T280;topic;Topic
T281;T281;topic;Topic
T282;T282;topic;Topic
T283;T283;topic;Topic
T284;T284;topic;Topic
T285;T285;topic;Topic
T286;T286;topic;Topic
T287;T287;topic;Topic
T288;T288;topic;Topic
T289;T289;topic;Topic
T290;T290;topic;Topic
T291;T291;topic;Topic
T292;T292;topic;Topic
T293;T293;topic;Topic
T294;T294;topic;Topic
T295;T295;topic;Topic
T296;T296;topic;Topic
T297;T297;topic;Topic
T298;T298;topic;Topic
T299;T299;topic;Topic
T300;T300;topic;Topic
T301;T301;topic;Topic
T302;T302;topic;Topic
T303;T303;topic;Topic
T304;T304;topic;Topic
T305;T305;topic;Topic
T306;T306;topic;Topic
T307;T307;topic;Topic
T308;T308;topic;Topic
T309;T309;topic;Topic
T310;T310;topic;Topic
T311;T311;topic;Topic
T312;T312;topic;Topic
T313;T313;topic;Topic
T314;T314;topic;Topic
T315;T315;topic;Topic
T316;T316;topic;Topic
T317;T317;topic;Topic
T318;T318;topic;Topic
T319;T319;topic;Topic
T320;T320;topic;Topic
T321;T321;topic;Topic
T322;T322;topic;Topic
T323;T323;topic;Topic
T324;T324;topic;Topic
T325;T325;topic;Topic
T326;T326;topic;Topic
T327;T327;topic;Topic
T328;T328;topic;Topic
T329;T329;topic;Topic
T330;T330;topic;Topic
T331;T331;topic;Topic
T332;T332;topic;Topic
T333;T333;topic;Topic
T334;T334;topic;Topic
T335;T335;topic;Topic
T336;T336;topic;Topic
T337;T337;topic;Topic
T338;T338;topic;Topic
T339;T339;topic;Topic
T340;T340;topic;Topic
T341;T341;topic;Topic
T342;T342;topic;Topic
T343;T343;topic;Topic
T344;T344;topic;Topic
T345;T345;topic;Topic
T346;T346;topic;Topic
T347;T347;topic;Topic
T348;T348;topic;Topic
T349;T349;topic;Topic
T350;T350;topic;Topic
T351;T351;topic;Topic
T352;T352;topic;Topic
T353;T353;topic;Topic
T354;T354;topic;Topic
T355;T355;topic;Topic
T356;T356;topic;Topic
T357;T357;topic;Topic
T358;T358;topic;Topic
T359;T359;topic;Topic
T360;T360;topic;Topic
T361;T361;topic;Topic
T362;T362;topic;Topic
T363;T363;topic;Topic
T364;T364;topic;Topic
T365;T365;topic;Topic
T366;T366;topic;Topic
T367;T367;topic;Topic
T368;T368;topic;Topic
T369;T369;topic;Topic
T370;T370;topic;Topic
T371;T371;topic;Topic
T372;T372;topic;Topic
T373;T373;topic;Topic
T374;T374;topic;Topic
T375;T375;topic;Topic
T376;T376;topic;Topic
T377;T377;topic;Topic
T378;T378;topic;Topic
T379;T379;topic;Topic
T380;T380;topic;Topic
T381;T381;topic;Topic
T382;T382;topic;Topic
T383;T383;topic;Topic
T384;T384;topic;Topic
T385;T385;topic;Topic
T386;T386;topic;Topic
T387;T387;topic;Topic
T388;T388;topic;Topic
T389;T389;topic;Topic
T390;T390;topic;Topic
T391;T391;topic;Topic
T392;T392;topic;Topic
T393;T393;topic;Topic
T394;T394;topic;Topic
T395;T395;topic;Topic
T396;T396;topic;Topic
T397;T397;topic;Topic
T398;T398;topic;Topic
T399;T399;topic;Topic
T400;T400;topic;Topic
T401;T401;topic;Topic
T402;T402;topic;Topic
T403;T403;topic;Topic
T404;T404;topic;Topic
T405;T405;topic;Topic
T406;T406;topic;Topic
T407;T407;topic;Topic
T408;T408;topic;Topic
T409;T409;topic;Topic
T410;T410;topic;Topic
T411;T411;topic;Topic
T412;T412;topic;Topic
T413;T413;topic;Topic
T414;T414;topic;Topic
T415;T415;topic;Topic
T416;T416;topic;Topic
T417;T417;topic;Topic
T418;T418;topic;Topic
T419;T419;topic;Topic
T420;T420;topic;Topic
T421;T421;topic;Topic
T422;T422;topic;Topic
T423;T423;topic;Topic
T424;T424;topic;Topic
T425;T425;topic;Topic
T426;T426;topic;Topic
T427;T427;topic;Topic
T428;T428;topic;Topic
T429;T429;topic;Topic
T430;T430;topic;Topic
T431;T431;topic;Topic
T432;T432;topic;Topic
T433;T433;topic;Topic
T434;T434;topic;Topic
T435;T435;topic;Topic
T436;T436;topic;Topic
T437;T437;topic;Topic
T438;T438;topic;Topic
T439;T439;topic;Topic
T440;T440;topic;Topic
T441;T441;topic;Topic
T442;T442;topic;Topic
T443;T443;topic;Topic
T444;T444;topic;Topic
T445;T445;topic;Topic
T446;T446;topic;Topic
T447;T447;topic;Topic
T448;T448;topic;Topic
T449;T449;topic;Topic
T450;T450;topic;Topic
T451;T451;topic;Topic
T452;T452;topic;Topic
T453;T453;topic;Topic
T454;T454;topic;Topic
T455;T455;topic;Topic
T456;T456;topic;Topic
T457;T457;topic;Topic
T458;T458;topic;Topic
T459;T459;topic;Topic
T460;T460;topic;Topic
T461;T461;topic;Topic
T462;T462;topic;Topic
T463;T463;topic;Topic
T464;T464;topic;Topic
T465;T465;topic;Topic
T466;T466;topic;Topic
T467;T467;topic;Topic
T468;T468;topic;Topic
T469;T469;topic;Topic
T470;T470;topic;Topic
T471;T471;topic;Topic
T472;T472;topic;Topic
T473;T473;topic;Topic
T474;T474;topic;Topic
T475;T475;topic;Topic
T476;T476;topic;Topic
T477;T477;topic;Topic
T478;T478;topic;Topic
T479;T479;topic;Topic
T480;T480;topic;Topic
T481;T481;topic;Topic
T482;T482;topic;Topic
T483;T483;topic;Topic
T484;T484;topic;Topic
T485;T485;topic;Topic
T486;T486;topic;Topic
T487;T487;topic;Topic
T488;T488;topic;Topic
T489;T489;topic;Topic
T490;T490;topic;Topic
T491;T491;topic;Topic
T492;T492;topic;Topic
T493;T493;topic;Topic
T494;T494;topic;Topic
T495;T495;topic;Topic
T496;T496;topic;Topic
T497;T497;topic;Topic
T498;T498;topic;Topic
T499;T499;topic;Topic
T500;T500;topic;Topic
T501;T501;topic;Topic
T502;T502;topic;Topic
T503;T503;topic;Topic
T504;T504;topic;Topic
T505;T505;topic;Topic
T506;T506;topic;Topic
T507;T507;topic;Topic
T508;T508;topic;Topic
T509;T509;topic;Topic
T510;T510;topic;Topic
T511;T511;topic;Topic
T512;T512;topic;Topic
T513;T513;topic;Topic
T514;T514;topic;Topic
T515;T515;topic;Topic
T516;T516;topic;Topic
T517;T517;topic;Topic
T518;T518;topic;Topic
T519;T519;topic;Topic
T520;T520;topic;Topic
T521;T521;topic;Topic
T522;T522;topic;Topic
T523;T523;topic;Topic
T524;T524;topic;Topic
T525;T525;topic;Topic
T526;T526;topic;Topic
T527;T527;topic;Topic
T528;T528;topic;Topic
T529;T529;topic;Topic
T530;T530;topic;Topic
T531;T531;topic;Topic
T532;T532;topic;Topic
T533;T533;topic;Topic
T534;T534;topic;Topic
T535;T535;topic;Topic
T536;T536;topic;Topic
T537;T537;topic;Topic
T538;T538;topic;Topic
T539;T539;topic;Topic
T540;T540;topic;Topic
T541;T541;topic;Topic
T542;T542;topic;Topic
T543;T543;topic;Topic
T544;T544;topic;Topic
T545;T545;topic;Topic
T546;T546;topic;Topic
T547;T547;topic;Topic
T548;T548;topic;Topic
T549;T549;topic;Topic
T550;T550;topic;Topic
T551;T551;topic;Topic
T552;T552;topic;Topic
T553;T553;topic;Topic
T554;T554;topic;Topic
T555;T555;topic;Topic
T556;T556;topic;Topic
T557;T557;topic;Topic
T558;T558;topic;Topic
T559;T559;topic;Topic
T560;T560;topic;Topic
T561;T561;topic;Topic
T562;T562;topic;Topic
T563;T563;topic;Topic
T564;T564;topic;Topic
T565;T565;topic;Topic
T566;T566;topic;Topic
T567;T567;topic;Topic
T568;T568;topic;Topic
T569;T569;topic;Topic
T570;T570;topic;Topic
T571;T571;topic;Topic
T572;T572;topic;Topic
T573;T573;topic;Topic
T574;T574;topic;Topic
T575;T575;topic;Topic
T576;T576;topic;Topic
T577;T577;topic;Topic
T578;T578;topic;Topic
T579;T579;topic;Topic
T580;T580;topic;Topic
T581;T581;topic;Topic
T582;T582;topic;Topic
T583;T583;topic;Topic
T584;T584;topic;Topic
T585;T585;topic;Topic
T586;T586;topic;Topic
T587;T587;topic;Topic
T588;T588;topic;Topic
T589;T589;topic;Topic
T590;T590;topic;Topic
T591;T591;topic;Topic
T592;T592;topic;Topic
T593;T593;topic;Topic
T594;T594;topic;Topic
T595;T595;topic;Topic
T596;T596;topic;Topic
T597;T597;topic;Topic
T598;T598;topic;Topic
T599;T599;topic;Topic
T600;T600;topic;Topic
T601;T601;topic;Topic
T602;T602;topic;Topic
T603;T603;topic;Topic
T604;T604;topic;Topic
T605;T605;topic;Topic
T606;T606;topic;Topic
T607;T607;topic;Topic
T608;T608;topic;Topic
T609;T609;topic;Topic
T610;T610;topic;Topic
T611;T611;topic;Topic
T612;T612;topic;Topic
T613;T613;topic;Topic
T614;T614;topic;Topic
T615;T615;topic;Topic
T616;T616;topic;Topic
T617;T617;topic;Topic
T618;T618;topic;Topic
T619;T619;topic;Topic
T620;T620;topic;Topic
T621;T621;topic;Topic
T622;T622;topic;Topic
T623;T623;topic;Topic
T624;T624;topic;Topic
T625;T625;topic;Topic
T626;T626;topic;Topic
T627;T627;topic;Topic
T628;T628;topic;Topic
T629;T629;topic;Topic
T630;T630;topic;Topic
T631;T631;topic;Topic
T632;T632;topic;Topic
T633;T633;topic;Topic
T634;T634;topic;Topic
T635;T635;topic;Topic
T636;T636;topic;Topic
T637;T637;topic;Topic
T638;T638;topic;Topic
T639;T639;topic;Topic
T640;T640;topic;Topic
T641;T641;topic;Topic
T642;T642;topic;Topic
T643;T643;topic;Topic
T644;T644;topic;Topic
T645;T645;topic;Topic
T646;T646;topic;Topic
T647;T647;topic;Topic
T648;T648;topic;Topic
T649;T649;topic;Topic
T650;T650;topic;Topic
T651;T651;topic;Topic
T652;T652;topic;Topic
T653;T653;topic;Topic
T654;T654;topic;Topic
T655;T655;topic;Topic
T656;T656;topic;Topic
T657;T657;topic;Topic
T658;T658;topic;Topic
T659;T659;topic;Topic
T660;T660;topic;Topic
T661;T661;topic;Topic
T662;T662;topic;Topic
T663;T663;topic;Topic
T664;T664;topic;Topic
T665;T665;topic;Topic
T666;T666;topic;Topic
T667;T667;topic;Topic
T668;T668;topic;Topic
T669;T669;topic;Topic
T670;T670;topic;Topic
T671;T671;topic;Topic
T672;T672;topic;Topic
T673;T673;topic;Topic
T674;T674;topic;Topic
T675;T675;topic;Topic
T676;T676;topic;Topic
T677;T677;topic;Topic
T678;T678;topic;Topic
T679;T679;topic;Topic
T680;T680;topic;Topic
T681;T681;topic;Topic
T682;T682;topic;Topic
T683;T683;topic;Topic
T684;T684;topic;Topic
T685;T685;topic;Topic
T686;T686;topic;Topic
T687;T687;topic;Topic
T688;T688;topic;Topic
T689;T689;topic;Topic
T690;T690;topic;Topic
T691;T691;topic;Topic
T692;T692;topic;Topic
T693;T693;topic;Topic
T694;T694;topic;Topic
T695;T695;topic;Topic
T696;T696;topic;Topic
T697;T697;topic;Topic
T698;T698;topic;Topic
T699;T699;topic;Topic
T700;T700;topic;Topic
T701;T701;topic;Topic
T702;T702;topic;Topic
T703;T703;topic;Topic
T704;T704;topic;Topic
T705;T705;topic;Topic
T706;T706;topic;Topic
T707;T707;topic;Topic
T708;T708;topic;Topic
T709;T709;topic;Topic
T710;T710;topic;Topic
T711;T711;topic;Topic
T712;T712;topic;Topic
T713;T713;topic;Topic
T714;T714;topic;Topic
T715;T715;topic;Topic
T716;T716;topic;Topic
T717;T717;topic;Topic
T718;T718;topic;Topic
T719;T719;topic;Topic
T720;T720;topic;Topic
T721;T721;topic;Topic
T722;T722;topic;Topic
T723;T723;topic;Topic
T724;T724;topic;Topic
T725;T725;topic;Topic
T726;T726;topic;Topic
T727;T727;topic;Topic
T728;T728;topic;Topic
T729;T729;topic;Topic
T730;T730;topic;Topic
T731;T731;topic;Topic
T732;T732;topic;Topic
T733;T733;topic;Topic
T734;T734;topic;Topic
T735;T735;topic;Topic
T736;T736;topic;Topic
T737;T737;topic;Topic
T738;T738;topic;Topic
T739;T739;topic;Topic
T740;T740;topic;Topic
T741;T741;topic;Topic
T742;T742;topic;Topic
T743;T743;topic;Topic
T744;T744;topic;Topic
T745;T745;topic;Topic
T746;T746;topic;Topic
T747;T747;topic;Topic
T748;T748;topic;Topic
T749;T749;topic;Topic
T750;T750;topic;Topic
T751;T751;topic;Topic
T752;T752;topic;Topic
T753;T753;topic;Topic
T754;T754;topic;Topic
T755;T755;topic;Topic
T756;T756;topic;Topic
T757;T757;topic;Topic
T758;T758;topic;Topic
T759;T759;topic;Topic
T760;T760;topic;Topic
T761;T761;topic;Topic
T762;T762;topic;Topic
T763;T763;topic;Topic
T764;T764;topic;Topic
T765;T765;topic;Topic
T766;T766;topic;Topic
T767;T767;topic;Topic
T768;T768;topic;Topic
T769;T769;topic;Topic
T770;T770;topic;Topic
T771;T771;topic;Topic
T772;T772;topic;Topic
T773;T773;topic;Topic
T774;T774;topic;Topic
T775;T775;topic;Topic
T776;T776;topic;Topic
T777;T777;topic;Topic
T778;T778;topic;Topic
T779;T779;topic;Topic
T780;T780;topic;Topic
T781;T781;topic;Topic
T782;T782;topic;Topic
T783;T783;topic;Topic
T784;T784;topic;Topic
T785;T785;topic;Topic
T786;T786;topic;Topic
T787;T787;topic;Topic
T788;T788;topic;Topic
T789;T789;topic;Topic
T790;T790;topic;Topic
T791;T791;topic;Topic
T792;T792;topic;Topic
T793;T793;topic;Topic
T794;T794;topic;Topic
T795;T795;topic;Topic
T796;T796;topic;Topic
T797;T797;topic;Topic
T798;T798;topic;Topic
T799;T799;topic;Topic
T800;T800;topic;Topic
T801;T801;topic;Topic
T802;T802;topic;Topic
T803;T803;topic;Topic
T804;T804;topic;Topic
T805;T805;topic;Topic
T806;T806;topic;Topic
T807;T807;topic;Topic
T808;T808;topic;Topic
T809;T809;topic;Topic
T810;T810;topic;Topic
T811;T811;topic;Topic
T812;T812;topic;Topic
T813;T813;topic;Topic
T814;T814;topic;Topic
T815;T815;topic;Topic
T816;T816;topic;Topic
T817;T817;topic;Topic
T818;T818;topic;Topic
T819;T819;topic;Topic
T820;T820;topic;Topic
T821;T821;topic;Topic
T822;T822;topic;Topic
T823;T823;topic;Topic
T824;T824;topic;Topic
T825;T825;topic;Topic
T826;T826;topic;Topic
T827;T827;topic;Topic
T828;T828;topic;Topic
T829;T829;topic;Topic
T830;T830;topic;Topic
T831;T831;topic;Topic
T832;T832;topic;Topic
T833;T833;topic;Topic
T834;T834;topic;Topic
T835;T835;topic;Topic
T836;T836;topic;Topic
T837;T837;topic;Topic
T838;T838;topic;Topic
T839;T839;topic;Topic
T840;T840;topic;Topic
T841;T841;topic;Topic
T842;T842;topic;Topic
T843;T843;topic;Topic
T844;T844;topic;Topic
T845;T845;topic;Topic
T846;T846;topic;Topic
T847;T847;topic;Topic
T848;T848;topic;Topic
T849;T849;topic;Topic
T850;T850;topic;Topic
T851;T851;topic;Topic
T852;T852;topic;Topic
T853;T853;topic;Topic
T854;T854;topic;Topic
T855;T855;topic;Topic
T856;T856;topic;Topic
T857;T857;topic;Topic
T858;T858;topic;Topic
T859;T859;topic;Topic
T860;T860;topic;Topic
T861;T861;topic;Topic
T862;T862;topic;Topic
T863;T863;topic;Topic
T864;T864;topic;Topic
T865;T865;topic;Topic
T866;T866;topic;Topic
T867;T867;topic;Topic
T868;T868;topic;Topic
T869;T869;topic;Topic
T870;T870;topic;Topic
T871;T871;topic;Topic
T872;T872;topic;Topic
T873;T873;topic;Topic
T874;T874;topic;Topic
T875;T875;topic;Topic
T876;T876;topic;Topic
T877;T877;topic;Topic
T878;T878;topic;Topic
T879;T879;topic;Topic
T880;T880;topic;Topic
T881;T881;topic;Topic
T882;T882;topic;Topic
T883;T883;topic;Topic
T884;T884;topic;Topic
T885;T885;topic;Topic
T886;T886;topic;Topic
T887;T887;topic;Topic
T888;T888;topic;Topic
T889;T889;topic;Topic
T890;T890;topic;Topic
T891;T891;topic;Topic
T892;T892;topic;Topic
T893;T893;topic;Topic
T894;T894;topic;Topic
T895;T895;topic;Topic
T896;T896;topic;Topic
T897;T897;topic;Topic
T898;T898;topic;Topic
T899;T899;topic;Topic
T900;T900;topic;Topic
T901;T901;topic;Topic
T902;T902;topic;Topic
T903;T903;topic;Topic
T904;T904;topic;Topic
T905;T905;topic;Topic
T906;T906;topic;Topic
T907;T907;topic;Topic
T908;T908;topic;Topic
T909;T909;topic;Topic
T910;T910;topic;Topic
T911;T911;topic;Topic
T912;T912;topic;Topic
T913;T913;topic;Topic
T914;T914;topic;Topic
T915;T915;topic;Topic
T916;T916;topic;Topic
T917;T917;topic;Topic
T918;T918;topic;Topic
T919;T919;topic;Topic
T920;T920;topic;Topic
T921;T921;topic;Topic
T922;T922;topic;Topic
T923;T923;topic;Topic
T924;T924;topic;Topic
T925;T925;topic;Topic
T926;T926;topic;Topic
T927;T927;topic;Topic
T928;T928;topic;Topic
T929;T929;topic;Topic
T930;T930;topic;Topic
T931;T931;topic;Topic
T932;T932;topic;Topic
T933;T933;topic;Topic
T934;T934;topic;Topic
T935;T935;topic;Topic
T936;T936;topic;Topic
T937;T937;topic;Topic
T938;T938;topic;Topic
T939;T939;topic;Topic
T940;T940;topic;Topic
T941;T941;topic;Topic
T942;T942;topic;Topic
T943;T943;topic;Topic
T944;T944;topic;Topic
T945;T945;topic;Topic
T946;T946;topic;Topic
T947;T947;topic;Topic
T948;T948;topic;Topic
T949;T949;topic;Topic
T950;T950;topic;Topic
T951;T951;topic;Topic
T952;T952;topic;Topic
T953;T953;topic;Topic
T954;T954;topic;Topic
T955;T955;topic;Topic
T956;T956;topic;Topic
T957;T957;topic;Topic
T958;T958;topic;Topic
T959;T959;topic;Topic
T960;T960;topic;Topic
T961;T961;topic;Topic
T962;T962;topic;Topic
T963;T963;topic;Topic
T964;T964;topic;Topic
T965;T965;topic;Topic
T966;T966;topic;Topic
T967;T967;topic;Topic
T968;T968;topic;Topic
T969;T969;topic;Topic
T970;T970;topic;Topic
T971;T971;topic;Topic
T972;T972;topic;Topic
T973;T973;topic;Topic
T974;T974;topic;Topic
T975;T975;topic;Topic
T976;T976;topic;Topic
T977;T977;topic;Topic
T978;T978;topic;Topic
T979;T979;topic;Topic
T980;T980;topic;Topic
T981;T981;topic;Topic
T982;T982;topic;Topic
T983;T983;topic;Topic
T984;T984;topic;Topic
T985;T985;topic;Topic
T986;T986;topic;Topic
T987;T987;topic;Topic
T988;T988;topic;Topic
T989;T989;topic;Topic
T990;T990;topic;Topic
T991;T991;topic;Topic
T992;T992;topic;Topic
T993;T993;topic;Topic
T994;T994;topic;Topic
T995;T995;topic;Topic
T996;T996;topic;Topic
T997;T997;topic;Topic
T998;T998;topic;Topic
T999;T999;topic;Topic
T1000;T1000;topic;Topic
T1001;T1001;topic;Topic
T1002;T1002;topic;Topic
T1003;T1003;topic;Topic
T1004;T1004;topic;Topic
T1005;T1005;topic;Topic
T1006;T1006;topic;Topic
T1007;T1007;topic;Topic
T1008;T1008;topic;Topic
T1009;T1009;topic;Topic
T1010;T1010;topic;Topic
T1011;T1011;topic;Topic
T1012;T1012;topic;Topic
T1013;T1013;topic;Topic
T1014;T1014;topic;Topic
T1015;T1015;topic;Topic
T1016;T1016;topic;Topic
T1017;T1017;topic;Topic
T1018;T1018;topic;Topic
T1019;T1019;topic;Topic
T1020;T1020;topic;Topic
T1021;T1021;topic;Topic
T1022;T1022;topic;Topic
T1023;T1023;topic;Topic
T1024;T1024;topic;Topic
T1025;T1025;topic;Topic
T1026;T1026;topic;Topic
T1027;T1027;topic;Topic
T1028;T1028;topic;Topic
T1029;T1029;topic;Topic
T1030;T1030;topic;Topic
T1031;T1031;topic;Topic
T1032;T1032;topic;Topic
T1033;T1033;topic;Topic
T1034;T1034;topic;Topic
T1035;T1035;topic;Topic
T1036;T1036;topic;Topic
T1037;T1037;topic;Topic
T1038;T1038;topic;Topic
T1039;T1039;topic;Topic
T1040;T1040;topic;Topic
T1041;T1041;topic;Topic
T1042;T1042;topic;Topic
T1043;T1043;topic;Topic
T1044;T1044;topic;Topic
T1045;T1045;topic;Topic
T1046;T1046;topic;Topic
T1047;T1047;topic;Topic
T1048;T1048;topic;Topic
T1049;T1049;topic;Topic
T1050;T1050;topic;Topic
T1051;T1051;topic;Topic
T1052;T1052;topic;Topic
T1053;T1053;topic;Topic
T1054;T1054;topic;Topic
T1055;T1055;topic;Topic
T1056;T1056;topic;Topic
T1057;T1057;topic;Topic
T1058;T1058;topic;Topic
T1059;T1059;topic;Topic
T1060;T1060;topic;Topic
T1061;T1061;topic;Topic
T1062;T1062;topic;Topic
T1063;T1063;topic;Topic
T1064;T1064;topic;Topic
T1065;T1065;topic;Topic
T1066;T1066;topic;Topic
T1067;T1067;topic;Topic
T1068;T1068;topic;Topic
T1069;T1069;topic;Topic
T1070;T1070;topic;Topic
T1071;T1071;topic;Topic
T1072;T1072;topic;Topic
T1073;T1073;topic;Topic
T1074;T1074;topic;Topic
T1075;T1075;topic;Topic
T1076;T1076;topic;Topic
T1077;T1077;topic;Topic
T1078;T1078;topic;Topic
T1079;T1079;topic;Topic
T1080;T1080;topic;Topic
T1081;T1081;topic;Topic
T1082;T1082;topic;Topic
T1083;T1083;topic;Topic
T1084;T1084;topic;Topic
T1085;T1085;topic;Topic
T1086;T1086;topic;Topic
T1087;T1087;topic;Topic
T1088;T1088;topic;Topic
T1089;T1089;topic;Topic
T1090;T1090;topic;Topic
T1091;T1091;topic;Topic
T1092;T1092;topic;Topic
T1093;T1093;topic;Topic
T1094;T1094;topic;Topic
T1095;T1095;topic;Topic
T1096;T1096;topic;Topic
T1097;T1097;topic;Topic
T1098;T1098;topic;Topic
T1099;T1099;topic;Topic
T1100;T1100;topic;Topic
T1101;T1101;topic;Topic
T1102;T1102;topic;Topic
T1103;T1103;topic;Topic
T1104;T1104;topic;Topic
T1105;T1105;topic;Topic
T1106;T1106;topic;Topic
T1107;T1107;topic;Topic
T1108;T1108;topic;Topic
T1109;T1109;topic;Topic
T1110;T1110;topic;Topic
T1111;T1111;topic;Topic
T1112;T1112;topic;Topic
T1113;T1113;topic;Topic
T1114;T1114;topic;Topic
T1115;T1115;topic;Topic
T1116;T1116;topic;Topic
T1117;T1117;topic;Topic
T1118;T1118;topic;Topic
T1119;T1119;topic;Topic
T1120;T1120;topic;Topic
T1121;T1121;topic;Topic
T1122;T1122;topic;Topic
T1123;T1123;topic;Topic
T1124;T1124;topic;Topic
T1125;T1125;topic;Topic
T1126;T1126;topic;Topic
T1127;T1127;topic;Topic
T1128;T1128;topic;Topic
T1129;T1129;topic;Topic
T1130;T1130;topic;Topic
T1131;T1131;topic;Topic
T1132;T1132;topic;Topic
T1133;T1133;topic;Topic
T1134;T1134;topic;Topic
T1135;T1135;topic;Topic
T1136;T1136;topic;Topic
T1137;T1137;topic;Topic
T1138;T1138;topic;Topic
T1139;T1139;topic;Topic
T1140;T1140;topic;Topic
T1141;T1141;topic;Topic
T1142;T1142;topic;Topic
T1143;T1143;topic;Topic
T1144;T1144;topic;Topic
T1145;T1145;topic;Topic
T1146;T1146;topic;Topic
T1147;T1147;topic;Topic
T1148;T1148;topic;Topic
T1149;T1149;topic;Topic
T1150;T1150;topic;Topic
T1151;T1151;topic;Topic
T1152;T1152;topic;Topic
T1153;T1153;topic;Topic
T1154;T1154;topic;Topic
T1155;T1155;topic;Topic
T1156;T1156;topic;Topic
T1157;T1157;topic;Topic
T1158;T1158;topic;Topic
T1159;T1159;topic;Topic
T1160;T1160;topic;Topic
T1161;T1161;topic;Topic
T1162;T1162;topic;Topic
T1163;T1163;topic;Topic
T1164;T1164;topic;Topic
T1165;T1165;topic;Topic
T1166;T1166;topic;Topic
T1167;T1167;topic;Topic
T1168;T1168;topic;Topic
T1169;T1169;topic;Topic
T1170;T1170;topic;Topic
T1171;T1171;topic;Topic
T1172;T1172;topic;Topic
T1173;T1173;topic;Topic
T1174;T1174;topic;Topic
T1175;T1175;topic;Topic
T1176;T1176;topic;Topic
T1177;T1177;topic;Topic
T1178;T1178;topic;Topic
T1179;T1179;topic;Topic
T1180;T1180;topic;Topic
T1181;T1181;topic;Topic
T1182;T1182;topic;Topic
T1183;T1183;topic;Topic
T1184;T1184;topic;Topic
T1185;T1185;topic;Topic
T1186;T1186;topic;Topic
T1187;T1187;topic;Topic
T1188;T1188;topic;Topic
T1189;T1189;topic;Topic
T1190;T1190;topic;Topic
T1191;T1191;topic;Topic
T1192;T1192;topic;Topic
T1193;T1193;topic;Topic
T1194;T1194;topic;Topic
T1195;T1195;topic;Topic
T1196;T1196;topic;Topic
T1197;T1197;topic;Topic
T1198;T1198;topic;Topic
T1199;T1199;topic;Topic
T1200;T1200;topic;Topic
T1201;T1201;topic;Topic
T1202;T1202;topic;Topic
T1203;T1203;topic;Topic
T1204;T1204;topic;Topic
T1205;T1205;topic;Topic
T1206;T1206;topic;Topic
T1207;T1207;topic;Topic
T1208;T1208;topic;Topic
T1209;T1209;topic;Topic
T1210;T1210;topic;Topic
T1211;T1211;topic;Topic
T1212;T1212;topic;Topic
T1213;T1213;topic;Topic
T1214;T1214;topic;Topic
T1215;T1215;topic;Topic
T1216;T1216;topic;Topic
T1217;T1217;topic;Topic
T1218;T1218;topic;Topic
T1219;T1219;topic;Topic
T1220;T1220;topic;Topic
T1221;T1221;topic;Topic
T1222;T1222;topic;Topic
T1223;T1223;topic;Topic
T1224;T1224;topic;Topic
T1225;T1225;topic;Topic
T1226;T1226;topic;Topic
T1227;T1227;topic;Topic
T1228;T1228;topic;Topic
T1229;T1229;topic;Topic
T1230;T1230;topic;Topic
T1231;T1231;topic;Topic
T1232;T1232;topic;Topic
T1233;T1233;topic;Topic
T1234;T1234;topic;Topic
T1235;T1235;topic;Topic
T1236;T1236;topic;Topic
T1237;T1237;topic;Topic
T1238;T1238;topic;Topic
T1239;T1239;topic;Topic
T1240;T1240;topic;Topic
T1241;T1241;topic;Topic
T1242;T1242;topic;Topic
T1243;T1243;topic;Topic
T1244;T1244;topic;Topic
T1245;T1245;topic;Topic
T1246;T1246;topic;Topic
T1247;T1247;topic;Topic
T1248;T1248;topic;Topic
T1249;T1249;topic;Topic
T1250;T1250;topic;Topic
T1251;T1251;topic;Topic
T1252;T1252;topic;Topic
T1253;T1253;topic;Topic
T1254;T1254;topic;Topic
T1255;T1255;topic;Topic
T1256;T1256;topic;Topic
T1257;T1257;topic;Topic
T1258;T1258;topic;Topic
T1259;T1259;topic;Topic
T1260;T1260;topic;Topic
T1261;T1261;topic;Topic
T1262;T1262;topic;Topic
T1263;T1263;topic;Topic
T1264;T1264;topic;Topic
T1265;T1265;topic;Topic
T1266;T1266;topic;Topic
T1267;T1267;topic;Topic
T1268;T1268;topic;Topic
T1269;T1269;topic;Topic
T1270;T1270;topic;Topic
T1271;T1271;topic;Topic
T1272;T1272;topic;Topic
T1273;T1273;topic;Topic
T1274;T1274;topic;Topic
T1275;T1275;topic;Topic
T1276;T1276;topic;Topic
T1277;T1277;topic;Topic
T1278;T1278;topic;Topic
T1279;T1279;topic;Topic
T1280;T1280;topic;Topic
T1281;T1281;topic;Topic
T1282;T1282;topic;Topic
T1283;T1283;topic;Topic
T1284;T1284;topic;Topic
T1285;T1285;topic;Topic
T1286;T1286;topic;Topic
T1287;T1287;topic;Topic
T1288;T1288;topic;Topic
T1289;T1289;topic;Topic
T1290;T1290;topic;Topic
T1291;T1291;topic;Topic
T1292;T1292;topic;Topic
T1293;T1293;topic;Topic
T1294;T1294;topic;Topic
T1295;T1295;topic;Topic
T1296;T1296;topic;Topic
T1297;T1297;topic;Topic
T1298;T1298;topic;Topic
T1299;T1299;topic;Topic
T1300;T1300;topic;Topic
T1301;T1301;topic;Topic
T1302;T1302;topic;Topic
T1303;T1303;topic;Topic
T1304;T1304;topic;Topic
T1305;T1305;topic;Topic
T1306;T1306;topic;Topic
T1307;T1307;topic;Topic
T1308;T1308;topic;Topic
T1309;T1309;topic;Topic
T1310;T1310;topic;Topic
T1311;T1311;topic;Topic
T1312;T1312;topic;Topic
T1313;T1313;topic;Topic
T1314;T1314;topic;Topic
T1315;T1315;topic;Topic
T1316;T1316;topic;Topic
T1317;T1317;topic;Topic
T1318;T1318;topic;Topic
T1319;T1319;topic;Topic
T1320;T1320;topic;Topic
T1321;T1321;topic;Topic
T1322;T1322;topic;Topic
T1323;T1323;topic;Topic
T1324;T1324;topic;Topic
T1325;T1325;topic;Topic
T1326;T1326;topic;Topic
T1327;T1327;topic;Topic
T1328;T1328;topic;Topic
T1329;T1329;topic;Topic
T1330;T1330;topic;Topic
T1331;T1331;topic;Topic
T1332;T1332;topic;Topic
T1333;T1333;topic;Topic
T1334;T1334;topic;Topic
T1335;T1335;topic;Topic
T1336;T1336;topic;Topic
T1337;T1337;topic;Topic
T1338;T1338;topic;Topic
T1339;T1339;topic;Topic
T1340;T1340;topic;Topic
T1341;T1341;topic;Topic
T1342;T1342;topic;Topic
T1343;T1343;topic;Topic
T1344;T1344;topic;Topic
T1345;T1345;topic;Topic
T1346;T1346;topic;Topic
T1347;T1347;topic;Topic
T1348;T1348;topic;Topic
T1349;T1349;topic;Topic
T1350;T1350;topic;Topic
T1351;T1351;topic;Topic
T1352;T1352;topic;Topic
T1353;T1353;topic;Topic
T1354;T1354;topic;Topic
T1355;T1355;topic;Topic
T1356;T1356;topic;Topic
T1357;T1357;topic;Topic
T1358;T1358;topic;Topic
T1359;T1359;topic;Topic
T1360;T1360;topic;Topic
T1361;T1361;topic;Topic
T1362;T1362;topic;Topic
T1363;T1363;topic;Topic
T1364;T1364;topic;Topic
T1365;T1365;topic;Topic
T1366;T1366;topic;Topic
T1367;T1367;topic;Topic
T1368;T1368;topic;Topic
T1369;T1369;topic;Topic
T1370;T1370;topic;Topic
T1371;T1371;topic;Topic
T1372;T1372;topic;Topic
T1373;T1373;topic;Topic
T1374;T1374;topic;Topic
T1375;T1375;topic;Topic
T1376;T1376;topic;Topic
T1377;T1377;topic;Topic
T1378;T1378;topic;Topic
T1379;T1379;topic;Topic
T1380;T1380;topic;Topic
T1381;T1381;topic;Topic
T1382;T1382;topic;Topic
T1383;T1383;topic;Topic
T1384;T1384;topic;Topic
T1385;T1385;topic;Topic
T1386;T1386;topic;Topic
T1387;T1387;topic;Topic
T1388;T1388;topic;Topic
T1389;T1389;topic;Topic
T1390;T1390;topic;Topic
T1391;T1391;topic;Topic
T1392;T1392;topic;Topic
T1393;T1393;topic;Topic
T1394;T1394;topic;Topic
T1395;T1395;topic;Topic
T1396;T1396;topic;Topic
T1397;T1397;topic;Topic
T1398;T1398;topic;Topic
T1399;T1399;topic;Topic
T1400;T1400;topic;Topic
T1401;T1401;topic;Topic
T1402;T1402;topic;Topic
T1403;T1403;topic;Topic
T1404;T1404;topic;Topic
T1405;T1405;topic;Topic
T1406;T1406;topic;Topic
T1407;T1407;topic;Topic
T1408;T1408;topic;Topic
T1409;T1409;topic;Topic
T1410;T1410;topic;Topic
T1411;T1411;topic;Topic
T1412;T1412;topic;Topic
T1413;T1413;topic;Topic
T1414;T1414;topic;Topic
T1415;T1415;topic;Topic
T1416;T1416;topic;Topic
T1417;T1417;topic;Topic
T1418;T1418;topic;Topic
T1419;T1419;topic;Topic
T1420;T1420;topic;Topic
T1421;T1421;topic;Topic
T1422;T1422;topic;Topic
T1423;T1423;topic;Topic
T1424;T1424;topic;Topic
T1425;T1425;topic;Topic
T1426;T1426;topic;Topic
T1427;T1427;topic;Topic
T1428;T1428;topic;Topic
T1429;T1429;topic;Topic
T1430;T1430;topic;Topic
T1431;T1431;topic;Topic
T1432;T1432;topic;Topic
T1433;T1433;topic;Topic
T1434;T1434;topic;Topic
T1435;T1435;topic;Topic
T1436;T1436;topic;Topic
T1437;T1437;topic;Topic
T1438;T1438;topic;Topic
T1439;T1439;topic;Topic
T1440;T1440;topic;Topic
T1441;T1441;topic;Topic
T1442;T1442;topic;Topic
T1443;T1443;topic;Topic
T1444;T1444;topic;Topic
T1445;T1445;topic;Topic
T1446;T1446;topic;Topic
T1447;T1447;topic;Topic
T1448;T1448;topic;Topic
T1449;T1449;topic;Topic
T1450;T1450;topic;Topic
T1451;T1451;topic;Topic
T1452;T1452;topic;Topic
T1453;T1453;topic;Topic
T1454;T1454;topic;Topic
T1455;T1455;topic;Topic
T1456;T1456;topic;Topic
T1457;T1457;topic;Topic
T1458;T1458;topic;Topic
T1459;T1459;topic;Topic
T1460;T1460;topic;Topic
T1461;T1461;topic;Topic
T1462;T1462;topic;Topic
T1463;T1463;topic;Topic
T1464;T1464;topic;Topic
T1465;T1465;topic;Topic
T1466;T1466;topic;Topic
T1467;T1467;topic;Topic
T1468;T1468;topic;Topic
T1469;T1469;topic;Topic
T1470;T1470;topic;Topic
T1471;T1471;topic;Topic
T1472;T1472;topic;Topic
T1473;T1473;topic;Topic
T1474;T1474;topic;Topic
T1475;T1475;topic;Topic
T1476;T1476;topic;Topic
T1477;T1477;topic;Topic
T1478;T1478;topic;Topic
T1479;T1479;topic;Topic
T1480;T1480;topic;Topic
T1481;T1481;topic;Topic
T1482;T1482;topic;Topic
T1483;T1483;topic;Topic
T1484;T1484;topic;Topic
T1485;T1485;topic;Topic
T1486;T1486;topic;Topic
T1487;T1487;topic;Topic
T1488;T1488;topic;Topic
T1489;T1489;topic;Topic
T1490;T1490;topic;Topic
T1491;T1491;topic;Topic
T1492;T1492;topic;Topic
T1493;T1493;topic;Topic
T1494;T1494;topic;Topic
T1495;T1495;topic;Topic
T1496;T1496;topic;Topic
T1497;T1497;topic;Topic
T1498;T1498;topic;Topic
T1499;T1499;topic;Topic
T1500;T1500;topic;Topic
T1501;T1501;topic;Topic
T1502;T1502;topic;Topic
T1503;T1503;topic;Topic
T1504;T1504;topic;Topic
T1505;T1505;topic;Topic
T1506;T1506;topic;Topic
T1507;T1507;topic;Topic
T1508;T1508;topic;Topic
T1509;T1509;topic;Topic
T1510;T1510;topic;Topic
T1511;T1511;topic;Topic
T1512;T1512;topic;Topic
T1513;T1513;topic;Topic
T1514;T1514;topic;Topic
T1515;T1515;topic;Topic
T1516;T1516;topic;Topic
T1517;T1517;topic;Topic
T1518;T1518;topic;Topic
T1519;T1519;topic;Topic
T1520;T1520;topic;Topic
T1521;T1521;topic;Topic
T1522;T1522;topic;Topic
T1523;T1523;topic;Topic
T1524;T1524;topic;Topic
T1525;T1525;topic;Topic
T1526;T1526;topic;Topic
T1527;T1527;topic;Topic
T1528;T1528;topic;Topic
T1529;T1529;topic;Topic
T1530;T1530;topic;Topic
T1531;T1531;topic;Topic
T1532;T1532;topic;Topic
T1533;T1533;topic;Topic
T1534;T1534;topic;Topic
T1535;T1535;topic;Topic
T1536;T1536;topic;Topic
T1537;T1537;topic;Topic
T1538;T1538;topic;Topic
T1539;T1539;topic;Topic
T1540;T1540;topic;Topic
T1541;T1541;topic;Topic
T1542;T1542;topic;Topic
T1543;T1543;topic;Topic
T1544;T1544;topic;Topic
T1545;T1545;topic;Topic
T1546;T1546;topic;Topic
T1547;T1547;topic;Topic
T1548;T1548;topic;Topic
T1549;T1549;topic;Topic
T1550;T1550;topic;Topic
T1551;T1551;topic;Topic
T1552;T1552;topic;Topic
T1553;T1553;topic;Topic
T1554;T1554;topic;Topic
T1555;T1555;topic;Topic
T1556;T1556;topic;Topic
T1557;T1557;topic;Topic
T1558;T1558;topic;Topic
T1559;T1559;topic;Topic
T1560;T1560;topic;Topic
T1561;T1561;topic;Topic
T1562;T1562;topic;Topic
T1563;T1563;topic;Topic
T1564;T1564;topic;Topic
T1565;T1565;topic;Topic
T1566;T1566;topic;Topic
T1567;T1567;topic;Topic
T1568;T1568;topic;Topic
T1569;T1569;topic;Topic
T1570;T1570;topic;Topic
T1571;T1571;topic;Topic
T1572;T1572;topic;Topic
T1573;T1573;topic;Topic
T1574;T1574;topic;Topic
T1575;T1575;topic;Topic
T1576;T1576;topic;Topic
T1577;T1577;topic;Topic
T1578;T1578;topic;Topic
T1579;T1579;topic;Topic
T1580;T1580;topic;Topic
T1581;T1581;topic;Topic
T1582;T1582;topic;Topic
T1583;T1583;topic;Topic
T1584;T1584;topic;Topic
T1585;T1585;topic;Topic
T1586;T1586;topic;Topic
T1587;T1587;topic;Topic
T1588;T1588;topic;Topic
T1589;T1589;topic;Topic
T1590;T1590;topic;Topic
T1591;T1591;topic;Topic
T1592;T1592;topic;Topic
T1593;T1593;topic;Topic
T1594;T1594;topic;Topic
T1595;T1595;topic;Topic
T1596;T1596;topic;Topic
T1597;T1597;topic;Topic
T1598;T1598;topic;Topic
T1599;T1599;topic;Topic
T1600;T1600;topic;Topic
T1601;T1601;topic;Topic
T1602;T1602;topic;Topic
T1603;T1603;topic;Topic
T1604;T1604;topic;Topic
T1605;T1605;topic;Topic
T1606;T1606;topic;Topic
T1607;T1607;topic;Topic
T1608;T1608;topic;Topic
T1609;T1609;topic;Topic
T1610;T1610;topic;Topic
T1611;T1611;topic;Topic
T1612;T1612;topic;Topic
T1613;T1613;topic;Topic
T1614;T1614;topic;Topic
T1615;T1615;topic;Topic
T1616;T1616;topic;Topic
T1617;T1617;topic;Topic
T1618;T1618;topic;Topic
T1619;T1619;topic;Topic
T1620;T1620;topic;Topic
T1621;T1621;topic;Topic
T1622;T1622;topic;Topic
T1623;T1623;topic;Topic
T1624;T1624;topic;Topic
T1625;T1625;topic;Topic
T1626;T1626;topic;Topic
T1627;T1627;topic;Topic
T1628;T1628;topic;Topic
T1629;T1629;topic;Topic
T1630;T1630;topic;Topic
T1631;T1631;topic;Topic
T1632;T1632;topic;Topic
T1633;T1633;topic;Topic
T1634;T1634;topic;Topic
T1635;T1635;topic;Topic
T1636;T1636;topic;Topic
T1637;T1637;topic;Topic
T1638;T1638;topic;Topic
T1639;T1639;topic;Topic
T1640;T1640;topic;Topic
T1641;T1641;topic;Topic
T1642;T1642;topic;Topic
T1643;T1643;topic;Topic
T1644;T1644;topic;Topic
T1645;T1645;topic;Topic
T1646;T1646;topic;Topic
T1647;T1647;topic;Topic
T1648;T1648;topic;Topic
T1649;T1649;topic;Topic
T1650;T1650;topic;Topic
T1651;T1651;topic;Topic
T1652;T1652;topic;Topic
T1653;T1653;topic;Topic
T1654;T1654;topic;Topic
T1655;T1655;topic;Topic
T1656;T1656;topic;Topic
T1657;T1657;topic;Topic
T1658;T1658;topic;Topic
T1659;T1659;topic;Topic
T1660;T1660;topic;Topic
T1661;T1661;topic;Topic
T1662;T1662;topic;Topic
T1663;T1663;topic;Topic
T1664;T1664;topic;Topic
T1665;T1665;topic;Topic
T1666;T1666;topic;Topic
T1667;T1667;topic;Topic
T1668;T1668;topic;Topic
T1669;T1669;topic;Topic
T1670;T1670;topic;Topic
T1671;T1671;topic;Topic
T1672;T1672;topic;Topic
T1673;T1673;topic;Topic
T1674;T1674;topic;Topic
T1675;T1675;topic;Topic
T1676;T1676;topic;Topic
T1677;T1677;topic;Topic
T1678;T1678;topic;Topic
T1679;T1679;topic;Topic
T1680;T1680;topic;Topic
T1681;T1681;topic;Topic
T1682;T1682;topic;Topic
T1683;T1683;topic;Topic
T1684;T1684;topic;Topic
T1685;T1685;topic;Topic
T1686;T1686;topic;Topic
T1687;T1687;topic;Topic
T1688;T1688;topic;Topic
T1689;T1689;topic;Topic
T1690;T1690;topic;Topic
T1691;T1691;topic;Topic
T1692;T1692;topic;Topic
T1693;T1693;topic;Topic
T1694;T1694;topic;Topic
T1695;T1695;topic;Topic
T1696;T1696;topic;Topic
T1697;T1697;topic;Topic
T1698;T1698;topic;Topic
T1699;T1699;topic;Topic
T1700;T1700;topic;Topic
T1701;T1701;topic;Topic
T1702;T1702;topic;Topic
T1703;T1703;topic;Topic
T1704;T1704;topic;Topic
T1705;T1705;topic;Topic
T1706;T1706;topic;Topic
T1707;T1707;topic;Topic
T1708;T1708;topic;Topic
T1709;T1709;topic;Topic
T1710;T1710;topic;Topic
T1711;T1711;topic;Topic
T1712;T1712;topic;Topic
T1713;T1713;topic;Topic
T1714;T1714;topic;Topic
T1715;T1715;topic;Topic
T1716;T1716;topic;Topic
T1717;T1717;topic;Topic
T1718;T1718;topic;Topic
T1719;T1719;topic;Topic
T1720;T1720;topic;Topic
T1721;T1721;topic;Topic
T1722;T1722;topic;Topic
T1723;T1723;topic;Topic
T1724;T1724;topic;Topic
T1725;T1725;topic;Topic
T1726;T1726;topic;Topic
T1727;T1727;topic;Topic
T1728;T1728;topic;Topic
T1729;T1729;topic;Topic
T1730;T1730;topic;Topic
T1731;T1731;topic;Topic
T1732;T1732;topic;Topic
T1733;T1733;topic;Topic
T1734;T1734;topic;Topic
T1735;T1735;topic;Topic
T1736;T1736;topic;Topic
T1737;T1737;topic;Topic
T1738;T1738;topic;Topic
T1739;T1739;topic;Topic
T1740;T1740;topic;Topic
T1741;T1741;topic;Topic
T1742;T1742;topic;Topic
T1743;T1743;topic;Topic
T1744;T1744;topic;Topic
T1745;T1745;topic;Topic
T1746;T1746;topic;Topic
T1747;T1747;topic;Topic
T1748;T1748;topic;Topic
T1749;T1749;topic;Topic
T1750;T1750;topic;Topic
T1751;T1751;topic;Topic
T1752;T1752;topic;Topic
T1753;T1753;topic;Topic
T1754;T1754;topic;Topic
T1755;T1755;topic;Topic
T1756;T1756;topic;Topic
T1757;T1757;topic;Topic
T1758;T1758;topic;Topic
T1759;T1759;topic;Topic
T1760;T1760;topic;Topic
T1761;T1761;topic;Topic
T1762;T1762;topic;Topic
T1763;T1763;topic;Topic
T1764;T1764;topic;Topic
T1765;T1765;topic;Topic
T1766;T1766;topic;Topic
T1767;T1767;topic;Topic
T1768;T1768;topic;Topic
T1769;T1769;topic;Topic
T1770;T1770;topic;Topic
T1771;T1771;topic;Topic
T1772;T1772;topic;Topic
T1773;T1773;topic;Topic
T1774;T1774;topic;Topic
T1775;T1775;topic;Topic
T1776;T1776;topic;Topic
T1777;T1777;topic;Topic
T1778;T1778;topic;Topic
T1779;T1779;topic;Topic
T1780;T1780;topic;Topic
T1781;T1781;topic;Topic
T1782;T1782;topic;Topic
T1783;T1783;topic;Topic
T1784;T1784;topic;Topic
T1785;T1785;topic;Topic
T1786;T1786;topic;Topic
T1787;T1787;topic;Topic
T1788;T1788;topic;Topic
T1789;T1789;topic;Topic
T1790;T1790;topic;Topic
T1791;T1791;topic;Topic
T1792;T1792;topic;Topic
T1793;T1793;topic;Topic
T1794;T1794;topic;Topic
T1795;T1795;topic;Topic
T1796;T1796;topic;Topic
T1797;T1797;topic;Topic
T1798;T1798;topic;Topic
T1799;T1799;topic;Topic
T1800;T1800;topic;Topic
T1801;T1801;topic;Topic
T1802;T1802;topic;Topic
T1803;T1803;topic;Topic
T1804;T1804;topic;Topic
T1805;T1805;topic;Topic
T1806;T1806;topic;Topic
T1807;T1807;topic;Topic
T1808;T1808;topic;Topic
T1809;T1809;topic;Topic
T1810;T1810;topic;Topic
T1811;T1811;topic;Topic
T1812;T1812;topic;Topic
T1813;T1813;topic;Topic
T1814;T1814;topic;Topic
T1815;T1815;topic;Topic
T1816;T1816;topic;Topic
T1817;T1817;topic;Topic
T1818;T1818;topic;Topic
T1819;T1819;topic;Topic
T1820;T1820;topic;Topic
T1821;T1821;topic;Topic
T1822;T1822;topic;Topic
T1823;T1823;topic;Topic
T1824;T1824;topic;Topic
T1825;T1825;topic;Topic
T1826;T1826;topic;Topic
T1827;T1827;topic;Topic
T1828;T1828;topic;Topic
T1829;T1829;topic;Topic
T1830;T1830;topic;Topic
T1831;T1831;topic;Topic
T1832;T1832;topic;Topic
T1833;T1833;topic;Topic
T1834;T1834;topic;Topic
T1835;T1835;topic;Topic
T1836;T1836;topic;Topic
T1837;T1837;topic;Topic
T1838;T1838;topic;Topic
T1839;T1839;topic;Topic
T1840;T1840;topic;Topic
T1841;T1841;topic;Topic
T1842;T1842;topic;Topic
T1843;T1843;topic;Topic
T1844;T1844;topic;Topic
T1845;T1845;topic;Topic
T1846;T1846;topic;Topic
T1847;T1847;topic;Topic
T1848;T1848;topic;Topic
T1849;T1849;topic;Topic
T1850;T1850;topic;Topic
T1851;T1851;topic;Topic
T1852;T1852;topic;Topic
T1853;T1853;topic;Topic
T1854;T1854;topic;Topic
T1855;T1855;topic;Topic
T1856;T1856;topic;Topic
T1857;T1857;topic;Topic
T1858;T1858;topic;Topic
T1859;T1859;topic;Topic
T1860;T1860;topic;Topic
T1861;T1861;topic;Topic
T1862;T1862;topic;Topic
T1863;T1863;topic;Topic
T1864;T1864;topic;Topic
T1865;T1865;topic;Topic
T1866;T1866;topic;Topic
T1867;T1867;topic;Topic
T1868;T1868;topic;Topic
T1869;T1869;topic;Topic
T1870;T1870;topic;Topic
T1871;T1871;topic;Topic
T1872;T1872;topic;Topic
T1873;T1873;topic;Topic
T1874;T1874;topic;Topic
T1875;T1875;topic;Topic
T1876;T1876;topic;Topic
T1877;T1877;topic;Topic
T1878;T1878;topic;Topic
T1879;T1879;topic;Topic
T1880;T1880;topic;Topic
T1881;T1881;topic;Topic
T1882;T1882;topic;Topic
T1883;T1883;topic;Topic
T1884;T1884;topic;Topic
T1885;T1885;topic;Topic
T1886;T1886;topic;Topic
T1887;T1887;topic;Topic
T1888;T1888;topic;Topic
T1889;T1889;topic;Topic
T1890;T1890;topic;Topic
T1891;T1891;topic;Topic
T1892;T1892;topic;Topic
T1893;T1893;topic;Topic
T1894;T1894;topic;Topic
T1895;T1895;topic;Topic
T1896;T1896;topic;Topic
T1897;T1897;topic;Topic
T1898;T1898;topic;Topic
T1899;T1899;topic;Topic
T1900;T1900;topic;Topic
T1901;T1901;topic;Topic
T1902;T1902;topic;Topic
T1903;T1903;topic;Topic
T1904;T1904;topic;Topic
T1905;T1905;topic;Topic
T1906;T1906;topic;Topic
T1907;T1907;topic;Topic
T1908;T1908;topic;Topic
T1909;T1909;topic;Topic
T1910;T1910;topic;Topic
T1911;T1911;topic;Topic
T1912;T1912;topic;Topic
T1913;T1913;topic;Topic
T1914;T1914;topic;Topic
T1915;T1915;topic;Topic
T1916;T1916;topic;Topic
T1917;T1917;topic;Topic
T1918;T1918;topic;Topic
T1919;T1919;topic;Topic
T1920;T1920;topic;Topic
T1921;T1921;topic;Topic
T1922;T1922;topic;Topic
T1923;T1923;topic;Topic
T1924;T1924;topic;Topic
T1925;T1925;topic;Topic
T1926;T1926;topic;Topic
T1927;T1927;topic;Topic
T1928;T1928;topic;Topic
T1929;T1929;topic;Topic
T1930;T1930;topic;Topic
T1931;T1931;topic;Topic
T1932;T1932;topic;Topic
T1933;T1933;topic;Topic
T1934;T1934;topic;Topic
T1935;T1935;topic;Topic
T1936;T1936;topic;Topic
T1937;T1937;topic;Topic
T1938;T1938;topic;Topic
T1939;T1939;topic;Topic
T1940;T1940;topic;Topic
T1941;T1941;topic;Topic
T1942;T1942;topic;Topic
T1943;T1943;topic;Topic
T1944;T1944;topic;Topic
T1945;T1945;topic;Topic
T1946;T1946;topic;Topic
T1947;T1947;topic;Topic
T1948;T1948;topic;Topic
T1949;T1949;topic;Topic
T1950;T1950;topic;Topic
T1951;T1951;topic;Topic
T1952;T1952;topic;Topic
T1953;T1953;topic;Topic
T1954;T1954;topic;Topic
T1955;T1955;topic;Topic
T1956;T1956;topic;Topic
T1957;T1957;topic;Topic
T1958;T1958;topic;Topic
T1959;T1959;topic;Topic
T1960;T1960;topic;Topic
T1961;T1961;topic;Topic
T1962;T1962;topic;Topic
T1963;T1963;topic;Topic
T1964;T1964;topic;Topic
T1965;T1965;topic;Topic
T1966;T1966;topic;Topic
T1967;T1967;topic;Topic
T1968;T1968;topic;Topic
T1969;T1969;topic;Topic
T1970;T1970;topic;Topic
T1971;T1971;topic;Topic
T1972;T1972;topic;Topic
T1973;T1973;topic;Topic
T1974;T1974;topic;Topic
T1975;T1975;topic;Topic
T1976;T1976;topic;Topic
T1977;T1977;topic;Topic
T1978;T1978;topic;Topic
T1979;T1979;topic;Topic
T1980;T1980;topic;Topic
T1981;T1981;topic;Topic
T1982;T1982;topic;Topic
T1983;T1983;topic;Topic
T1984;T1984;topic;Topic
T1985;T1985;topic;Topic
T1986;T1986;topic;Topic
T1987;T1987;topic;Topic
T1988;T1988;topic;Topic
T1989;T1989;topic;Topic
T1990;T1990;topic;Topic
T1991;T1991;topic;Topic
T1992;T1992;topic;Topic
T1993;T1993;topic;Topic
T1994;T1994;topic;Topic
T1995;T1995;topic;Topic
T1996;T1996;topic;Topic
T1997;T1997;topic;Topic
T1998;T1998;topic;Topic
T1999;T1999;topic;Topic
T2000;T2000;topic;Topic
